main_text,comments
이제 8개월 다 되는 미니비숑인데자기가 싼 똥을 여기저기 밟고다녀요...왜그러는지 아시는분 계실까요?😭아직 배변훈련은 70프로 정도입니다...,"['친구 강아지가 그랫던 적이 있는데 채취를 여기저기 묻히고 싶거나 놀이가 부족하거나 관심받고 싶어서 그런거 같더라구요 🤔', '얘는 바닥에 사료 먹던곳에도 싸고 그러더라고요,, 아직 어려서 그런거겠죠 ㅠㅠ 보통강쥐들은 알아서 가린다던데 ... 답변감사해요ㅠㅠ', '자기가 자기 변을 밟는건 뭔가 불안해서라고 들었던 것 같아요실외배변 하면 좋아진다고 했던 것 같기도..?', '실외배변하고오면 집에서 배변을 아무데나 싸더라고요 첩첩산중이네여ㅜㅜㅜㅠ 답변 감사해요!', '저희 강아지는 하루에 세번 나가니까 4개월 강아지인데 밖에서만 대변을 보더라구요 힘들긴한데… 집에서 어디 변이 묻었을지 불안한 것보다 나은 것 같아서 그러고 있어요..!', '에고 아직 어려서 그런것 같으니 배변훈련 열씨미 지속적으로 시켜줘보세요 잘하면 간식주고 칭찬마니 해즈고요']"
로얄캐닌에서 넘어가려고 어제 샘플사료 10개 넘게 먹여봤는데알갱이가 조금만 크다 싶으면 퉤퉤~!!연어가 들어간건 귀신같이 알고 퉤퉤~!!엄마 지갑사정 고려해주느라 비싼것도 퉤퉤~!!😆결국 아그작아그작 맛나게 씹어먹는건 밥이보약 건강한성장이랑 네추럴코어네요ㅎㅎ그런데 저는 아무리 성분비교를 해봐도 잘 모르겠더라구요.. 닭은 알러지 유발 원료라서 잘 안먹이신다고 알고있는데..고민이에요ㅠㅠ 어떤게 나을까요??ㅠㅠ,"['네츄럴코어 볼드모트사료로 너무 유명해서 정말!! 먹일게 없다!! 할때만 먹이세요🥲 하림이 백배천배 더 좋아요', '아 정말요!!???대밬ㄲㅋㄱㅋ감사해요...ㅋㅋㅋ', '볼드모트사료가 뭔지 몰라서 찾아봤네요...으흐흐', '사실 저도..폭풍검색했네요🤭', '모든 강아지들이 닭에 알러지가 있는건 아니라서요😊 토리에게 먹여보시구 알러지 반응이 없으면 먹여도 될 것 같아요ㅎㅎ', '감사합니다! 샘플사료 다 먹여보고 결정해야겠어요😊', '알갱이가 좀 큰건 가위로 잘라주면 먹더라구요...귀찮기는하지만^^;;뭐든 잘먹어주면 제일좋은데ㅠㅠ밥먹이기 정말힘들어요', '더 커서 안먹으면 힘들것 같아요ㅜㅠ 샘플사료도 퉤 뱉는걸 보니ㅋㅋ 이미 알고있었지만 한성격할 것 같더라구요ㅋㅋ 오늘 아침에도 혹시나하고 안먹었던 샘플들 한 알씩 드렸더니, 고객님께서 거부하시더라구요😅', '저희고객님도. 아직 사료투정이예요ㅋㅋ그래서 이젠 건사료포기하고요즘은 동결사료 습식사료 번갈아주고 있어요!', '감사하게도 제 지갑사정 생각해주시느라 동결사료는 퉤퉤해주시더라구요😆']"
4개월 넘은 고양이인데 놀다가 지혼자 흥분이 주체가 안돼서 막 겁나 뛰어댕기다가 막 가족들 발 물고 그러는데 다른 고양이들도 그러나요..? ,"['ㅋㅋㅋㅋㅋㅋㅋㅋ그땐 난리나요~~^^ 건강하다는 증거 아닐까요? 물 때 저는 옆에 있는 장난감으로 유도하는데 온갖 방법 다 해봐도 저는 이방법이 제일 나았어요~^^1살 넘어가면 확실히 얌전해 지니 지금 즐기셔요~ ^^', '앜ㅋㅋㅋㅋ언능 얌전해지길 바라지만... 또 나름대로 잘 지내는거라니 다행이네요ㅠㅠ 즐겨야겠어요!!', '진짜 저희 달이도 날아다녔답니다~ ㅎㅎ 대신 물때는 집사님 발목 조심요~ 상처나면 자국이 정말 오래가요~ ㅠㅠ 지금도 여기저기 잘 뛰어 다니지만 확실히 정적인 모습이 많이 보여요. 꼬물거리며 호기심 왕성했던 아깽이시절이 많이 그립네영🤣', '아구ㅠㅠㅠ 뭔가 슬프면서도 아련하네요..ㅠㅠ 울애도 클텐데 지금이 그립겠죠..ㅠ프사보니까 이쁘네요ㅎㅎ 사진이라도 많이 찍어놔야겠어요😭', '앗..저희 고양이들은 1살 넘었는데도 가끔 그러네용ㅋㅋㅋ 가만히 있다가도 갑자기 둘이 눈빛교환을 한건지 아르릉거리며 우다다하고 캣타워 끝까지 올라갔다 내려가고 그래용.. 에너지가 넘쳐흐르나봐요😂', '앜ㅋㅋㅋ눈빛교환 넘 귀엽다ㅠㅠㅠ 고양이 자체가 그러나봐요....진짜 자기도 힘들어서 개구호흡하는데도 맨날 그러네요..😂', '네..... 1살지나면 보통 괜찮아진다던데ㅋㅋㅋ 우리강이는.... 식탁에서 쇼파로 쇼파에서 캣타워로...짧지도 않은 거리인데 단 3걸음 만에 식탁에서 쇼파를 거쳐 캣타워까지 날아가요...쇼파에 앉아있는 엄마를 한번 지그시(?) ... 밟고 캣타워로 점프!!.. 가끔 쇼파에 누워있으면 놀아달라는것마냥...점프! 점프! 엄마배한번밟고 점프! 우다다다다다!!!... 진짜 억 소리나게 아품ㅠ0ㅠㅋㅋㅋㅋ', '앜ㅋㅋㅋㅋㅋㅋㅋ점프ㅠㅠㅠ진짜 고양이들은 어쩔 수 없나봐욬ㅋ큐ㅠㅠㅠ 저도 나중에는 밟히겠죠....😂😂', '캣초딩시기가 시작되었어요.무는건 이갈이 장난감이나 캣닢쿠션등을주시고,낚시대로 사냥놀이도 해주세요~😁그리고 밥먹고나서나 화장실갔다와서 우다다 시전 하는 애들도 있어요.ㅎㅎ현재는 이것저것 호기심이 왕성해서 다건드리는 시기고 점프도 엄청해요.이럴때 조심하셔야 되는게 높은데서 떨어져서 다칠수있으니 조심하세요.아직 아깽이라서 성묘되기전까진 떨어지면 낙법을 잘못해서 뼈에 금갈수도있다고해요.캣초딩시기에 깁스하는애들도있다고하니 높은곳올라가는곳이있다면 아래에 쿠션같은것도 깔아주면 좋아요.🤗', '고양이의 우다다와 점프해서 날라서 이동하는것은 나이불문 뛰어다닐 수 있다면 본능인것같아요. 지치지않아요🥲 파이팅!']"
애기가 7개월이 되어가고 안그러더니 산책맛을 알아버린건지 아빠가 나갈땐 슥처다만보고 따라가다가 다시돌아오지만 저는 옷갈아입으면 나가는줄 아는지 중문앞에 서있어요ㅋㅋㅋ 그래서 터그해주고 노즈워크해주고 관심돌려주고 소리없이 나갈라해도 어느샌가 문앞에 서있어요 그리고 들여다놓으면 짖어요;;;  아빠는 안그러는데 말이죠 저만그래요ㅠ 짖다가 조용해지기는 하는데 그래도 그시간이 안쓰러우니...  교정할 방법 없나요..?,"['저는 간식을 켄넬에 넣어주고 호다닥 나와요😂', '저는 나갈때 간식 하나 중문앞에서 주고가요ㅎㅎ지금은 나갈꺼면 간식내놓으라고 짖긴하지만...ㅠ 간식먹고나면 쓱 들어가서 다시 자더라구요😂', '노즈워크에 간식을 주고 찾는사이 슥~~나와요어쩔수없죠..-.-', '저도 간식하나 주면 먹느라 쳐다도안봐요 ㅎㅎ', '오래 먹을수있는 간식 주고나오긴해요유투브 보시면 훈련법 나오더라구요1분 나갔다오기 5분나갔다오기 10분 나갔다오기 등등 점차 시간을 늘려가면서엄마가 꼭 돌아올거라는 확신을주는 훈련법이 있어요참고해보시면 좋을듯합니다~', '나갓다가 아무렇지도 않게 들어오는걸 한 10번정도 반복하면 강아지가 안짖을때 잘햇어 라고 하고 간식 주시면 그게 점차 반복되면서 아 나가도 날 안데리고 나가는구나 라고 생각한데요', '저도 간식 주고 나가요ㅠㅠ간식 먹으랴 저 나가는거 보랴 켁켁거리면서 먹는데 그냥 나와버려요..ㅋㅌ']"
,[]
콩이가  가는 동물병원 원장님은 뭐든 안하시는걸 좋아하시는 분입니다ᆢ ㅎ말이 좀 이상하긴 한데ᆢ약도 최대한 작게 먹이고ᆢ 진료도 검사 많이 안하시고ᆢ암튼 다른 분들과 제일 다른점은 심장 사상충약인데ᆢ먹이지 말라하셔요ᆢ모기랑 외부진드기에 안물리면 되는거니ᆢ 평소 산책다닐때 해충기피제 사용하고시중에 판매되는 기생충약중 내외부를 전부 100프로 잡아주는 약은 없다시며ᆢ (인터넷에 기생충약별 잡을수있는 종류 표 있어요)내부 다 잡을 수 있는 드론탈플러스만 먹이는걸 권장하십니다ᆢ것두 6개월에 한번ᆢ ㅎ다시 본론으로 와서ᆢ심장사상충약이 너무 독해 간에 무리가 많이가서 병원어 마비되어 애들이 많다느 에피소드와 함께ᆢ긴글이 적힌 사진을 보내주셨어요ᆢ 보시고 선택은 견주님들 알아서~,"['모든 예방약들이 독하죠....하지만 병에 걸리는것보단....하고 100%로는 아니라도다들 하시는거 아닐까요!?이번에 사상충약 다른걸로 바꾸고 하루종일 힘없이 있는거보니 가슴이 아푸긴하더라구요..', '의사는 아니라서 잘 모르지만 예방약 먹는거랑 진드기에 물려서 안좋은 상황이 오는거랑 선택하라면 저는 전자입니다.받아들이는건 견주님 선택이지만 반려겐이나 견주님이나 모두 행복하시기를 바랍니다', '저는 사상충은 감염되면 골 아파서 매달 챙겨주고, 진드기는 강아지가 추운 날은 안 걸으려고 해서 생략하는 편이긴해요심장사상충약은 먹였다 안 먹였다 하실거면 심장사상충 검사 후 약 먹이셔야 돼요. 감염되고 6개월 동안은 검사해도 키트에 나오지도 않아서 약 먹일때 더 조심하셔야 돼요.밀베마이신 성분 사상충약은 감염된 상태에서 먹으면 쇼크 일어나면서 사망할 수도 있거든요.', '집에 있는거 좋아하는 아이라면 저도 안 먹이겠지만 나가는 거 좋아하고 특히 풀밭 뛰뛰하는거 좋아하는 아이라… 다른 부분에서 보충하고 건강챙겨야지 예방약을 안 먹일 수가 없네요. ㅠ..ㅠ근데 선생님 진짜 양심적이다!! 울 동네 계시면 저도 가고 싶네요. ^^', '산책 안나가고 집에 모기 저얼대 안 들어오는 환경이면 안 먹여도 심장사상충에 걸리지 않겠죠ㅎㅎ예방 가능한 질병을 굳이 두고 보다가 진짜 걸리면 치료하는 상황을 만들고싶지 않아요. 그 의사는 어느 모기가 심장사상충을 옮길지 가릴수 있으실까요🥺 정말 선택은 견주몫! 이건 제 생각일뿐입니다:)그리고 진드기 안물리면 된다😂 해충기피제 몇 개를 뿌려도 빗질하면 한 두마리가 꼭 나오더라구요. 풀밭 너무 사랑하는 아이들이라서요. 내가 안물리고 싶다고 안 물릴수있는것일까 생각해봐야하는 부분이에요.물려서 또는 감염되서 아프다고 말 못하는 아이들이기에..', '저는 코로나백신같은거라고 생각합니다~사상충약을 먹이든 발라주든 주사를 맞히든  하나만 우리가 해줄수있는거 한달에 한번씩 해주면 될거같아요~~해주고나서 전염되는거랑 안해주고 전염되는거랑은 극과극이니까요ㅎㅎㅎ저희가 다니는곳은 나중에 전염되면 돈 더 많이 든다고 모기없다고 건너뛰고 그러면 안된다고 간호사한테두 들었어용~병원에서 접종까지 안해주려하시다니 예상외네유~영양제같은건 효과없다하셔두 접종은 그런말 안하시든댕 하핳..수의사들도 의견이 다 다르니까 존중합니당💟', '꼬박 꼬박 약을 먹이는 보호자라생각이 많아지네요🤔 뭐가 댕이에게 좋은 걸까..', '저도 고양이 사상충약에 대해 많이 찾아봤는데 수의사님 별로 말이 조금씩 다르긴 하더라구요~ 고양이는 강아지랑 달리 실내생활을 하는 아이이니 모기가 없는 겨울에는 필요없다라는 의견과 고양이는 강아지보다 사상충에 걸렸을때 더 치명적이니 겨울까지 발라야한다라는 의견으로 갈렸는데.. 결국 강아지든 고양이든 선택은 보호자 몫인것 같아요. 전 한겨울은 건너뛰고 바르려구요. 약이 독하기도 하고, 실내생활하는 고양이에게 한겨울까지 사상충약을 하는건 별 소용도 없을것 같아서요', '심장사상충 약이 독하긴 하죠~ㅠㅠ 하지만  정말 운 나쁘게 사상충에 걸리면 넘 치명적이라 위험해질 수 있으니 예방차원이라. 전 하는게 낫다는 생각이 들어요ㅠㅠ 단, 11월에서 3월까지는 다니는 병원에서도 건너띄라 하셨고 그래서 저는 5월부터 해줘요~ 분기별로 한 번씩 해줄 수 있는거면 좋으련만 모기는 엘베타고도 올라오는 녀석들이라~ ㅠㅠ 방지한다고 해도 한 두마리씩 보이더라고요~ ㅠㅠ', '약이 독하긴하지만....공감은 안되네요사상충은 쉽게 감영되고 회복은 오래걸리고 치명적이니예방하는게 좋다에 한표입니다~~']"
에이블리나 지그제그에 강아지자외선 차단 고글 추천하는 거있으면링크 좀 주세용,"['https://m.a-bly.com/goods/5860688차단 된다고는 나오는데 중국산이라 그런가 몇 %까지 차단 되는지는 안 나오네요', '저도 사용하고 싶은데 물만두가 허용을 안할거 같아서 슬저요', '저도 사용하고싶은데머리가 작아서 맞는게 있으려나 몰라용모자도 가끔 쓰고 외출한답니다', '저는 아예 펀딩으로 눈돌렸습니다댕스아이 제품 기다리는 중인데 찾아보니 일반 판매하는 제품도 있네요', '저도 사고싶은데 얼굴에 끼는것도 싫어해서 모자써요ㅎㅎ']"
"안녕하세용 저희 아이가 2.9키로 나가는 소형견인데 이번에 저와 첫여행을 가요 ! 자가용이 없어서 기차랑 대중교통을 이용해야 해서 ㅜㅜ 신중하게 이동가방을 알아보고 있는데요! 저희 아이는 저와 붙어있는 걸 좋아하고 더위를 많이 타요 슬개골도 안좋구요 ㅠㅠ 사진은 지금까지 알아본 모드니펫 클라우드슬링백, 감탄사각슬링백, 펫츠랜드 스너그백, 쏘오옥 슬링백인데쏘오옥은 사실 금전적인 여유가 없어서 못 살 것 같구요 ㅠㅠ 다른 세가지 중이나 다른 슬링백 추천해주시면 너무 감사하겠습니다🥹🥹❤ ","['2번째 투표했어요^^', '감사합니다 ! :)', '마이플러피도 많이 쓰시더라구여근데 쏘오옥이 젤 튼튼해 보이긴 하네여🥲', '아하 마이플러피! 정보 감사합니다 그러니까요 .. ㅠㅠ 괜히 속상하네요..🥲', 'https://msbg.page.link/ABTgwogPsvATTbju5깨알 홍보 합니다 주문하시면제가 온 정성을 담아 직접 포장해드리겠습니다 \U0001fae1', '30프로 할인이 더 와닿을꺼 같은데요.. MZ세대님..https://msbg.page.link/hXfmuSp6V9XHrbYS6', '헐 요건 몰랐네요 저보다 낫네요 ㅋㅋ', '앜ㅋㅋ 감사합니다아 ☺', '위고노 크림색 갖고싶어서째려보고 있는중이랍니다', '지금은 기다릴때가 아니라 행동할 때입니다 ㅋㅋㅋ']"
시골 강아지가 지금 4~5살인데 떠돌이 개들땜에 벌써 세번째 새끼를 낳았어요. 빨리 중성화를 해주고 싶은데 몇개월부터 가능한가요?,"['영자 출산하면서 바로 중성화 같이했어요!!!', '정보 감사합니다!', '자연분만을 했다면 최소 2달은 기다리시는게 좋아요 !! 아가들을 품느라 커진 자궁과 망가진 자궁 내벽을 다시 수축으로 되돌리는데 꽤 오랜 시간이 걸려요 ! 이건 개바개니까 최소 2개월 후 초음파나 X-ray로 자궁 상태를 확인하고 중성화 날짜 잡는게 좋으실거같아요 ! 아가들 순산, 축하드립니다 😽', '검진 포함해서 병원을 두번은 가본다 생각해야겠네요... 시골이 너무 멀어서 계속 시기를 놓쳤는데 이번엔 꼭 중성화 시키려고요. 감사합니다ㅎㅎ', '마당개중성화사업 이라는게있어요. 지자체마다 다른데 시골이라면 해당지역 기사를 한번찾아보세요. 지원금이 니와요.예시  http://m.ksmnews.co.kr/view.php?idx=424630', '아쉽게도 해당되는 지역이 아니네요ㅠ 그래도 좋은 정보 감사합니다:)', '저도 얼마전 임신한 고양이 보고 궁금했는데 역시 바로는 안되는군요~ ㅠㅠ 근데 중성화 기다리다가 또 임신 할까봐~ ㅠㅠ 걱정이긴 해요~ 아직 아가 같은데 배가 불룩 하더라고요~ ㅠㅠ', '']"
강아지 집에와서 평소 생활할때 불을 꺼놓는게 좋나요? 얘가 하루에 많이자니까 불을 꺼놓는게 좋을거같아서 계속 꺼놧거든용 근데 너무 밤엔 어두워서 🥹 무드등은 없어서 임시로 컴퓨터라도 켜놓을까요??,"['강쥐는 불빛이없어도 보인다구 하드라고요~ 저희집도 분리 수면 하는데 거실에 불끄고 자러 들어오면 혼자 한참을 잘 놀다가 자요🤭 걱정 안하셔도 될거같아요', '아 어두워도 보이는군요!! 감사합니다 전 제 방에서 저도 같이 암흑생활해요 핸드폰 불빛의존하고 걸어다녀요 ㅋㅋㅋㅎㅎ😶\u200d🌫️😶\u200d🌫️', '헝....저도 같은 타입인데 불끄고 한발 딛을때.. 아기 발꼬락 밟은적 있어서 폰 후레쉬 키고 방가서 꺼요😢 혹시라도.. 아기 다치지말라구 알려드려요🤣', '앟 방안에 울타리 설치해놔서 안에있어용ㅎㅎ 아이 걱정감사해요 😍😍', '불꺼놓아도  배변판있는 방까지 볼일보러 잘다니더라구요^^', '안보여소 막 허둥지둥 할까봑 걱정햇더니 다 보이는군요!! 프로필 사진 너무 귀여워요 🤩', '이와중에 뒷태 쏘큐트하네요,,,🥰', '앜 ㅠㅠㅠ 너무 이뻐하면 안된다해서 무관심 해야하는데 못참아요 매번😭', '간접등이 베스트에요', '무드등 하나 장만해야갰어요 😋 감사합니당']"
실이나 장난감 솜 이런거 잔뜩 뜯어먹고 토하더니 오늘은응아로 한바가지 쌌어요정말 사이즈를보면 이러다 잘못되겠구나 싶을 정도에요6월달은 제가 화장실간사이 쓰레기통을 지계단올라가서 뒤져서 먹어 동병가서 구토 유발했고요 쓰레기통도 일부러 못다을정도로 높은데 계단올라가 뒤지더라구요 물론 계단하고 쓰레기통하고 떨어트려놨는데 키가커지니 그래서 더 높이올려놨고 쓰레기도 반이상 안채우고 버려요 ᆢ근데 며질안되 신랑 부주의로 건조기섬유유연제먹어 또 동병 얼마전엔 켁켁거려 큰병원가라해서 큰병원갔더니 쿠토 유발해서 안되면 개복해야한다고보호자가 조심하라는데 이제는 진짜 싹다 치워놨는데오늘 집에만 있었는데 어디서 이런걸 먹었는지 똥으로 나온게 다행이더라구요 ᆢ똥이 넘 딱딱해서 이게 뭔가하고보니 먹고 싸놨더라구요 ᆢ편식이 시작되면서 너무 심하게 뜯어먹고 장난감이 멀쩡한게 없는데 대체 왜이러는걸까요동병에선 배고파 그런다고 사료 만이주라하는데도당체 먹어야 주죠하루 먹고 하루 안먹고 밥먹는게 위세인지 내가 보면 안먹을려구 자꾸 쳐다보면서 오늘은 주방에 있어도 안먹길에 화장실 들어가서 홈캠으로 보니 먹어서 나왔더니 또안먹는다해서 다시 화장실에 가있고 이게 뭐하는짓인지 굶겨도 소용없고 배고프니 아무거나 뜯어먹고 진짜 저아이가 저한테 왜이러는지 모르겠어요 ㅠ정말 지치고 저렇게 먹다간 잘못될텐데 왜 저러는지나랑 행복하게 살고싶지 안은지처음 사진이 오늘 응아로 나온건데 비와서 산책도 안나갔는데뭘 먹었는지 모르겠어요넘 똑똑해서 밥투정ㅈ이 절케 심하고 지집 방석에 사료숨기고 하는거라는데 왜자꾸 토하고 병원가서 그 고생을 하면서 왜저러는지ㅠ실제로봄 사이즈도 더크고 하도 토를해서 식도가 헐어서 거품토에 피까지 섞여나왔어요이제 동병가기도 창피해요제가 관리를 못하니까 이런다고 생각하실테니까근데 저도 화장실은가고 샤워는 해야하잔아요 ㅠ지금 아이오고 하도 유난스러워 직장도 못다니고있어요 제 친구 아이는 이러지않았고 울언니네 아이도 편식 3일만에 잡았고 이렇게 심하게 먹지 않는다는데그전에도 조금씩 뜯먹긴긴했지만 일케 심하지 안았거든요편식하면서 이래요홈캠으로보니 배고파서 저 나오기전 물티슈를 허겁지겁 먹더라구요 ᆢ저희집에 온지 10개월 이번 23일이 생일이라 케익에 ᆢ장난감등 벌써 골라노쿠 저만보는데 이제 정말 지칩니다,"['전땅콩이아기때부터화장실이랑방마다안전문설치하고거실에서혼자자는데거실엔땅콩이건들만한곳에는암것도안둬요건드릴만한거없게공간분리중요한것같아요', '저두 그러고있어요제가 부주의한것도 있겠지만 계단올라가 쓰레기 뒤지고 베게 커버 다 뜯어먹어 지퍼없는걸로 사서 바꾸고 지금은 먹을만한게 없어요지 장난감도 다 뜯어먹어서 버린게 한 10개도 넘고 실타래는 하도 뽑아먹어서 응아로 한웅큼씩 나와 다버렸어요어쩌먼좋죠?편식하면서 저래요먹으라는 밥은 안먹고 나한테 왜저러는지 모르겠어요 ᆢ저러다 잘못될께 뻔한데오늘껀 도저히 집을 다찾아도 먹을게 없었거든요 ᆢ물티슈하도 뜯어먹어 물티슈 장난감사주니 끝모서리부분 다뜯어먹고 입구도 다뜯어 꼬메줬는데 또뜯어서 걍 치워버렸어요진짜 밥투정에 하도 토해서 혈토까지하니정말 미치겠어요아이키우기가 이렇게 힘든줄 몰랐어요ㅠ유난을 떨어도 너무 떠니까한달에 동병 6번가는게 말이되냐구요 ㅠ', '노즈워크장난감한번써보셔요저희도먹는거좋아하고장난감파괴범이라천으로된장난감은잘안줘요콩토이한번써보세요유튜브에레시피나오는데츄르간식발라서트릿간식넣고얼려주니오래놀고집중잘하더라구요😊', '오래놀수있는노즈워크장난감써보셔요저도땅콩이가장난감파괴범이라천장남감은이제안사요씹는거좋아하는아이라콩토이사봤는데콩토이는그래도오래가지고놀더라구요유튜브에잘가지고놀게레시피도있더라구요츄르간식발라서트릿간식넣고살짝얼려주니집중좋아요', '네 ᆢ한번해볼께요감사합니다근데 사료를 안먹으니 간식을 줄수가없어요플라스틱으로 된 노즈워크도 다갈아먹어요ㅠ', '땅콩이도딱딱한간식도순삭하는분인데이건오래놀더라구요 츄르살짝발라서사료넣어도되요😄', '장난감가지고 혼자 안놀아요제가 아직도 터그해줘야하고산책을 아침ㆍ저녁나가고 또 낮에 가방에넣어서 나가고 저 심심할까봐개춘기시기도 지났는데 왜 저러는지 모르겠어요 ᆢ편식하면서부터 저래요', '혼자에시간도필요하다고하더라구요😊', '혼자 못있는 성격이에요화장실에서 샤워만하고 나와도 이산가족 상봉이고 저볼일보러 잠깐 나가면 문앞에서 망부석처럼 앉아있어요휴~~~너무 힘들게 해요지금은 저도 화가나 무관심 으로 대하고있어요지밥먹을때 화장실에서 나오지도 못하고 이제 인내심 폭팔이네요', '땅콩이전에말티강아지랑같이살았는데분리불안너무심해서땅콩이는첨부터분리교육시켜서그런건없는데힘드실꺼이해되네요']"
,[]
7개월 초 강쥐입니다유치가 6개월중간? 부터 하나 빠지기 시작하더니 머 한 2~3주 새에 앞니들이 다털렸어요..송곳니 빼고는 없어요 맨처음 빠졌던 3개만 영구치가 삐끔 나오고있는데다른곳은 잇몸밖에 없거든요..?이거 원래 이렇게 갑자기 우수수 빠지나요?껌씹는 재미로 사는 애인데... 껌을 많이 씹어서 억지로 빠진걸까요?😫,"['우수수 빠지는게 정상입니다! 송곳니랑 어금니만 나중이 빠져요.', '헉 그렇군요.. 딱딱한거 많이 씹어서 그런걸까봐 걱정했는데 감사합니당😍', '걱정마세요. 잘은 모르지만 너무 안빠져도 중성화 마취할때 우루루 빼기도 해요. 그거보다는 자연적으로 빠지는게 좋지 않나 그런 생각을 해봅니다', '아하 그러고보니 중성화때 잔존유치도 우르르 빼네요😱 물고뜯을때 이빨이 없어서 걱정했는데 다행이라고 생각해야게썽 🤭', '저희도 스스로 알아서 잘빼고 빠졌는데 어금니쪽이 안빠지고 남아서 중성화는 일찍 해버린상태고..그렇다고 계속 그렇게 둘순없어서 병원가서 발치했어요ㅜㅜ', '아..중성화 상담받고 할라했는데 이말 들으니까 좀더 있어봐야할거같네요ㅠㅠ', '우수수 빠지다니 당행입니다울밤은 어금니 두개만 빠지고 안빠져서 8개월 중성화수술하면서 발치 엄청 많이 해서  비용이 엄창나왔어요 ㅠㅠ', '어금니가 빠지는게 더 힘들거같아보이는데 😱 그렇게 왕창 빼면 밥은 어떻게 먹나요..? 왠지 우리 강쥐도 어금니 발치해야할거같은데ㅠㅠ', '한번 빠지기 시작하면 옥수수털리듯이 다빠져버리더라구요ㅋ', '너무 며칠새에 우수수 빠져서 놀랐는데 자연스러운거라서 다행이네용😍']"
이 사진속 쥐 인형물고 다니면서 이상한 소리 내는데 왜그러는 걸까요?ㅠㅠ이상한 소리 녹음한거 있어요~방에 딸이 있었는데 그때 녹음 했데요~,"['같이 놀고 싶다 아니면 사냥감 자랑, 관심받고 싶다 아닐까 싶네요ㅎㅎ', '놀아달라는 신호? 심심해서 그래여~ 저희 달이는 가족들 다 나가고 제가 방에서 자고 있었는데 아무도 없는줄 알고 그런건지 거실서 인형 물고 한참을 그러더라구요~ 혹시 특정 인형만 물고 그런가요? 애착인형이 있는데 꼭 그것만 물고 그러더라구요~^^', '저도 같이 놀고 싶거나 사냥에 성공한 걸 의기양양해 하는 그런 소리 같아요!! 저희 냥이들은 저렇게 물고 으르르릉 그르르릉 해요 ㅎㅎㅎ']"
몇시간전에 심장사상충약을 먹였는데 그것때문에 토를 한걸까요..?? ㅜㅜㅜㅜㅜㅜ기운이 없진 않고 갑자기 제 옆에와서 토를 조금 햇어요...ㅠㅠㅠ밥 먹여두될까요...,"['엇 저희 장미도 며칠전에 사상충약 먹였는데 담날 사료포함 토를 했었어요ㅠㅠ 그래도 식탐은 여전해서  별탈없는거 같앗어요..담달에 먹여보고 또 그럼 약 바꿔볼 예정이랍니다🥲', '괜찮아요??😭', '와. 5살이면 제가 감히 뭐라 말씀드리기 어렵네요. 하지만 제 생각에는 괜찬아보입니다. ^~^', '항상 먹던약이면 여름에 더워 컨디션 안좋아서 그런거같은데요? 콩이는 빈속에 기생충약 먹음 토해요', '약이 아무래도 독하다 보니그런거 아닐까요? 저희는 냥이친구네지만 심장사상충 약 바르면 그날은 좀 까라지더라고요~']"
요 아이를 너무 좋아하는데 사은품으로 받은거라 구할 방법을 못 찾고 있어요. 파는 곳 아시는분 계실까요?,"['사은품으로 받은곳에 상품으로 올라와있지 않을까요?', '없어서요..찾았어요~~감사합니다~~^^', 'AliExpress에서만 볼 수 있는 상품을 지금 확인해 보세요! ₩1,754  40%OFF | 신생아 딸랑이 스틱 동물 손 딸랑이 장난감, 아이 만화 봉제 장난감, 유아 장난감https://a.aliexpress.com/_ootGldH', '알리익스프레스에서 파네용~', '우아~ 이걸 찾다니 ㅎㅎ 능력자👍', '어케찾으셨쥬~~대박😆', '감사합니다~~!!!', '저희 애두 저거 최애 장난감이라 신기하네요 ㅋㅋㅋ 소리가 특이해서 되게 좋아하더라구요', '그러니까요~~', '앗....신기하댜그 하니 만두도 하나 사줄까....ㅎㅎㅎ 제가 팔랑귀입니다']"
,[]
산책후 발  씻기고  드라이로 바싹 말려주는데도 습진이 생기네요  아가들 발 어떻게 관리하시는지  궁긍 합니다(비올때는 1회용 신발 신고 산책합니다  그래서 습진이 생기는건지..  매일 공원 산책이라  엄청 더러워져서 저녁에는 발비누로 씻기구요 아침 산책 후는 워터리스로 간단하게  하는데),"['발 너무 자주 씻겨도 건조해져서 별로 좋지 않아요 ㅠㅠ 아니면 꼭 발 밤이나 에센스를 발라주세용!미르는 보통 물티슈로 닦고 -> 말리고 -> 발에센스 발라요! 너무 더러운날은 씻겨요 ㅎㅎ', '그러게요 애가 하얀애라 유독 흙 물들어서요 밤이랑 에센스 바르니 계속 핥으고   쉬즈곤은 핥지는 않는데 보습력이떨어지는거같고 하루 두번씩 바르는데도 굳은살이 엄청나서요', '저희는 그냥 산책하고 극세사 헹주(?) 물 뭍히고 꽉짜서 슥~한번 닦아주고 끝이에요😅지금처럼 비오는날은 산책안나가지만 비그치고 발젖으면 정말 더러우면 샴푸칠해서 발닦이고 말리고 크게 색이 더럽지않고 이물안묻으면 물로만 발헹구고 그냥 말려주고 끝;; 털이 하얀아이들은 발이 금방 쎄까매져서 신경쓰이겠지만 습진으로 고생이라면 조금은 덜 씻기는게 낫지않을까싶어요~""피곤하고 더러운개가 행복하다"" 그말을 참고하고 살고있거든요ㅋㅋ그냥 제 개인적인 생각입니다😅', '저두 더러운개가 행복한 개지라며 생가하면서도 왠지 관리받지못 하는 애  같아서 ㅋ 오늘저녁 산책은 바디티슈로 닦고  바싹 말린후 에센스  발라줬어요 밤 바르니 애가 자꾸 핥아서 에센승산  감사해요^^', '히힛 그져 저는 서로 케어하는게 힘들다보니ㅋㅋ그말을 믿기로해서 많이 단축(?)시켜버렸네요ㅎㅎ저도 첨에 밤썼더니 계속 햝아서 크림으로 바꾸니 괜찮더라구요ㅎㅎ계속 햝을땐 넥카라도 씌워두고 그랬네요ㅎ 습진 은능 낫길바래요^^', '전 시즈곤 발라줘요~', '보습이 덜하죠  오늘은 쉬즈곤 에센스만 발랐어요  아직 발사탕 안하네요^^', '위에분처럼 더러운개가 행복하다 라고 생각하지만 저는 개인적으로 그러지를 못해서...산책후에 워터리스로 문질러서 물로 헹굽니다. 만두는 밖에 나가면 엎드려 있는 시간도 있어서 배 부분이랑 물로 씻어줘요. 하반신은 거의 씻기는거죠그래서 말리는 시간이 길어집니다. 제가 힘들엉ㄹ..그래도 어쩌겠어요. 이눔의 성격이 문제인걸요.발을 핥거나 그러는걸까요? 병원가서 의약품의 힘을 빌리는건 어떠신지..저도 일회용 끼우는 비닐같은거 샀는데 발에 끼우지를 못하게 하네요 ㅠ 그거 끼우고 산책해볼까 했는데 지금까지 한번도 못해봤어요 엉엉..', '저두 그러다 요지경까지  터비덤 하루 두번 뿌려주고있는데  신발을 신어서 오래 산책한 탓인지 ㅜㅜ', '저는 팻티슈로 딱아여~^^']"
이제 슬슬 원하는 게 있거나 불만이면 낑낑거리고 짖기도 하네용짖는 게 해결 방법이 아니라는 걸 알려주기 위해 어떻게 하면 될까요? 특히 사람 밥먹을때 간식 먹을 때 심하네요. 준적도 없는데.. ㅠ뒤돌아서 무시하거나 안들리는 척해도 계속하거나 조금 심하게 하기도 하더라고요. ㅠㅠ ,"['가장 좋은건 무시하는거긴 해요! 하지만 그러면 아이들이 낑낑거리는게 아니라 어떻게 해야하는지도 알려주셔야해요!방석훈련이나 켄넬훈련, 기다려 등을 통해서 할 수 있습니당!', '그렇군요 ㅠㅠ 낑낑하지 않고 그런 행동을 보이면 간식을 먹을 수 있다는 걸 알려줘야 겟네요 ㅠ 어렵습니다 ㅠㅠ', '무시!!최고의 교육!!', '그러쿤요 ㅠㅠㅠ 무시가ㅜ젤 힘들어요 ㅠ', '무시가 징짜 짱이에요!', '스스로 포기할때까지 무시하면 되는 거죠? ㅠㅠ', '저희애는 식탁에서 먹으니까 아무도 자기 안보고 먹기만 한다고 화낸거드라구요~상에서 먹거나 식탁위한번 보여주면 얌전히 있어용🤣', '앗.. 저희는 바닥에 상 펴서 먹어서... 앉아도 훤히 보이기에... 그냥 먹고싶은 것 같네요 흑흑🤣', '저는 무시하고 돌아서거나 방으로 가버려요', '무시하는게 좋을거같아요!']"
저희 애가 유기견이라 정확한 개월수는 잘 모르구요보호소에서 데려올 때는 올해 2월 말에서 3월 초 출생 추정이라고 해서 저희끼리는 대충 이제 4개월 됐구나~ 하고 있어요근데 보통 강아지 유치는 3개월 쯤에 빠지지 않나요? 그럼 다른 데는 몰라도 앞니는 하나쯤 빠졌어야 할 텐데어찌된 게 자그마한 앞니 하나까지 멀쩡해가지고요…원래 4개월 되어서도 이갈이 시작 안 하는 경우가 있나요?아니면 추정 나이가 잘못된 걸까요? ㅠㅠ,"['네.....? 저희 아이 이제 5개월됐는데 유치 다 나지도 않았어요 애기들마다 다 달라요', '아 아이들마다 다른 거군요 ㅠㅠ 주변 강아지 키우는 친구들은 죄다 3개월 쯤 이갈이 했다구 해서요', '5개월이면 너무 늦는거 아닌가요..?ㅜㅜ 보통 유치는 2-3개월때 다 나고, 성장 늦는 아이들도 4개월쯤엔 다 나는걸로 알고있는데..신기하네요', '아이마다 다른가봐용 저희 대박이는 4개월때 거의 다빠지고 이제는 없고 영구치도 거의 다 났어용', '네네 ㅠㅠ 괜히 걱정한 것 같애요 ㅎㅎ', '저는 길쭉한 막대 우유껌에 고기 붙어잇는 걸 가끔 주니 앞니로 긁어 먹엇는데 그덕에 이가 잘 빠진 것 같아요. 확실한 건 아니지만 추천드려요!!', '헉 정보 감사합니다!! 우유껌 사줘야겠네영', '일찍 간식을 주는 것에 걱정도 있고 급하게 먹거나 잘못 먹었을 때 목에 걸릴 수 있다하니 주의하시면 좋을 것 같아요!!', '앗 넵!! 주의하겠습니다 ㅎㅎ 좋은 정보 감사드려요 ❤️❤️', '4개월보다 늦게 빠지는 아이도 있어요~ 터그놀이 많이 해주면 잘 빠진다고 하더라구요']"
어젯밤부터 밥을 잘 안 먹네요 🥹자동급식기로 하루 네번 설정해뒀고 원래 밥 나오면 우다다다 뛰어가서 먹던 앤데 어젠 뛰어가더니 깨작깨작.. 몇개 뺏었더니 다 먹고 오늘은 1시에 나온 밥을 4시반까지 안 먹어놨더라구요 이제 4달 반 좀 넘었는데 슬슬 밥투정할 시기인가요? 사료가 남긴 했는데 바꿔주는게 좋을까요? ,"['밥투정일수도 있고 날씨땜에 시무룩 해져서 그런걸수도 있어요! 다른 채소나 과일 같은거 줬을때는 잘 먹죠??', '요새 수박 먹을 때 너무 먹고 싶어해서 조금씩 주는데 그건 기가 막히게 빨리 먹어요 ㅋㅋㅋㅋ 😂', '저희 대박이도 잘 안먹을 때 있어용 ㅠㅠ 그래서 오뚝이 노즈워크? 안에 사료 넣어놓으니 가끔 노느냐고 먹더라구요 ㅋㅋㅋ 사료통에 있는 거 안먹고 바닥에 주면 먹길래.. 그리해봤어용 ㅋㅋ', '저흰 이제 오뚝이도 질렸나 보드라구요 ,, 수박 맛을 봐서 그런지 🤣 저두 바닥에 쫌 뿌려줘봐야겠어요 그나저나 대박이 넘 귀엽네요!!!', '울애도 안먹어요ㅠ사료투정니기에요ㅠ', '저흰 먹었다 안 먹었다 하네요 ㅋㅋㅋㅋ 속을 모르겠는 강쥐 😓', '아가들 왜 밥을 안먹을까요.. ㅠㅠ간식을 줄이시는게 좋을꺼같아요', '간식은 우유랑 과일 조금만 주고 있어서요 🥲 어젠 더워서 잘 안 먹었나봐요 오늘은 또 먹네요 ㅜㅋㅋㅋ', '저희 아가도 잘 안먹어요 그나마 노즈워크로 사료를 숨겨놓으면 찿아먹는재미로 조금이나마 먹네요', '밥 안 먹는 아가들이 이러케 많다니 😂 혹시 노즈워크는 어떤거 쓰세요?!']"
"안녕하세요초보 견주인지라 궁금한게 많은데 이곳에서 많은 도움 받고 있습니다~~ 감사합니다^^2월18일 생일이고 4개월 반정도 된 애기입니다현재 3차 까지 맞았는데 아무래도 사회화 시기 놓치는것 같아 어제부터 풀 없는 곳에서 산책 교육 중입니다~병원에서 애드보킷 발라줬는데찾아보니 외부기생충약은 따로 있는것 같더라고요!프론트라인? 많이 쓰시는것 같던데,, 아직 본격적인 산책 전이지만 불안해서요ㅜㅜ프론트라인까지 해야 맞을까요??그리고 벌레 퇴치하는 스프레이? 구매했는데 애기가 아직 어려서 사용해도 될지도 궁금합니다패스룸에서 나온 벌레 퇴치용 클립?은 사용 중입니다!아무래도 접종 완료 전인데 밖에 나가고 있어서 더 불안하네요ㅠㅠㅠ","['그거 저는 귀찮아서 넥스가드 하나 먹이고 있어요! 이거 먹이면 한번에 다 예방할 수 있어요 :) 동물병원에서 사거나 해외 직구 하시면 돼용 !!', '저도 넥스가드 하나로 해결하구있어용🤣 근데 요게 무게에 따라 쓸수있는지 없는지 인가보더라구요 아기땐 병원에서 바르는거 줬는데 2키로 찍고 넥스가드로 바꿔주셨어용!', '저두 애드보킷 발라주고있어요~ 산책할때 클립이랑요! 사상충약이 워낙 독해서 게다가 부작용 있을수도 있는데 이것저것 다 투여하는것도 비추라고 합니당~~', '아직 애기이니 코산책 시켜주셔요~']"
아직 어려서 꼬리무는게 넘 걱정되요🥺지금 어떻게 해줘야 할까요?,"['어릴때는 호기심이 많아서 놀이처럼 꼬리물기 할때가 있어요. 그냥 단순히 가끔 그런다면 꼬리물때 관심을 주지 마시고 노즈워크를 해주거나 다른 장난감으로 놀아주면서 관심을 다른데로 돌려주세요. 너무 심하게 물어서 상처가 나는 정도라면 넥카라를 해주시고 병원에 가서 상처치료를 해야해요.', '감사합니다^^걱정 줄었습니다👍🦮', '저는 대박이가 스트레스 받을때 꼬리 물려고 빙빙 도는 것 같아서 그럴때마다 환기 시켜주고 있어영', '오~그런방법이!', '꼬리 물려할때 관심돌리기~~', '맞아요!👍', '이 정도로 어리면 자기 꼬리라는 인지가 좀 부족할거예요. 사람 아기가 자기 손 컨트롤 못하고 스스로 머리끄덩이 잡고 우는 것처럼요. 대부분은 크면서 자연스레 없어지긴 합니다.', '감사합니다!!👍', '보보 넘 귀엽네요^^', '장난감으로 유도해서 꼬리무는 거 보다 나랑 노는게 훨씬 재밌다는 걸 알려주듯이 놀아주다보니 줄어들더라구요:)']"
"어느 날부턴가 산책을 나가면 한가지풀을 먹기시작하더라구요.속이 안좋으면 풀 먹을 수 있다고 해서 내버려뒀더니이제는 풀을 제법 많이 먹어요.가끔은 소처럼  먹는달까?이래먹어도되나?싶을만큼 먹을때도 있는데,,그렇게 먹은 날보면  풀이 소화되지못한 채 똥으로 그대로 나오더라구요.평소 풀 뜯을 때도 보면 💩 을 이상하게 싼다거나 하진않아요.(일일3똥 따박따박 건똥 하고있구요. 가끔 많이 먹는 날은 5똥까지합니다.ㅎㅎㅎㅎ)근데 딱,,강아지풀만 뜯어요.다른 풀은 관심도 없고 꼭 강아지풀만 뜯어먹어요.이런 댕댕이 또 있으신가요?풀 너무 뜯으면 못먹게 하라기도 하던데..어쩔까싶네요..","['요즘 여름이라 벌레 때문에 약 많이 치던데 못 먹게 하는 게 좋을 것 같아요', '도로쪽이 아니라 산길에 가깝다보니 약 안칠거라 생각했는데 약 칠수도 있겠네요~!!', '못먹게하는게 날것같아여ㅠ', '그르게요~이제라도...', '소화에좋다는 얘기도 사실일까요?', '속 불편한걸 가라앉혀준다고는 하던데 상추, 오이 머 이런건 또 안먹더라구요..강아지풀 매니아라...', '속 안좋으면 풀뜯어 먹고 토해 버린다는 소리도 있던데 ; 탄이가 속이 안좋은건가ㅡ.ㅡ 그냥 재미로 뜯어먹는 것일까 ㅠ 못 뜯어 먹게 하는게 좋을 것 같아요!', '강아지풀 뜯어먹고는 토한적은 없어요. 집에 있는 화분뜯어먹고 토한적 있어서 화분쪽은 격리시켜놨거든요..재미라기에는 진짜 가끔 염소처럼 먹어요..ㅋㅋ다들 의견이 똑같으시니 못먹게해야겠어욯ㅎ', '우리 크림이도 어릴때부터 나뭇잎이랑 풀 엄청 좋아해서 못먹게도 했는데 소용이 없더라구여. 드론탈플러스 꼭 먹이고 있고 너무 많이 먹을때는 당겨서 빨리 걷기해서 못하게 하는 편이에요.', '저는 넥스가드스펙트라 먹이고있거든요~저도 리드줄 당겨야겠어요']"
새끼 고양이가 스트레스 받을까요?,"['주말에 왔어요..새끼고양이가', '보통 새로 온 새끼 고양이보다 기존에 있던 고양이가 더 스트레스를 받죠. 자기 공간을 뺏긴다는 느낌을 받으니까요', '적당히 한단계 한단계 합사를 하다보면 괜찮지않을까요.?', '^^ 네네...감사합니다~~~천천히 햐봐야 겠어요..이뻐 하는거 같긴 한데.괜히 걱정 되서요', '그래도 둘이 하악질이나 심하게 경계하지 않으면 큰 스트레스는 받지 않는걸거에요ㅎㅎ 영상 보니 사이 괜찮아 보이네요. 둘이 있는 공간에서 사냥놀이도 해주고 먹을것도 주고 하면 애들끼리도 금방 친해지고 사람이랑도 친해지더라구요~ 첫째 둘째 둘다 성묘가 아니면 합사가 생각보다 수월할거에요. 합사 힘내세요~', '^^ 네~~감사합니다~~', '영상으로는 ㅎㅎ 원래 부터 가족 같은데요? 큰 아이가 잘 받아주면 금방 하더라고요~ ^^', '아이들 마다 다 성격이 다르긴 하겠지만~! 첫째가 성격이 좋은가봐요!!합사 빨리 될듯 싶어서 다행이네요!😆👍 저희 언니넨(오래됨!)7~8개월 걸렸나요! 😂(반년 이상이라고 들었던거 같아요!)', '^^심심했는데..동생생긴 느낌이에요', '영상으로는 괜찮아 보여요~']"
우리 아이가 지금 나우 사료를 먹고 있는데요. 요즘 들어 입도 안됩니다. 그래서 기호성이 좋다는 굿씨로 바꿔볼까 하는데요. 잘 먹을까요? 그리고 바꾼다면 퍼피나 어덜트스몰바이트 중 뭐로 먹여야 할까요? 우리 아이는 만 8개월이 갓 지난 말티푸입니다..,"['멍냥마켓 홈페이지에 샘플파는데 사서 기호성 테스트 해보세요. 아직 8개월 이니까 퍼피 사료 먹이시면 될 것 같아요!', '우유는 3살이라 어덜트스몰 먹이는데 애기는 퍼피로 시작하는게 좋을거같아요.두번째 주문해서 주는데 잘먹어요.', '퍼피사료로 주셔야할것같아요스몰 주문해서 먹였는데 살짝 큰지 하나씩 씹어먹고..어색한지 뱉어내곤 했는데 오히려 급체방지에는 좋은것 같기도 했어요', '퍼피로 주세요~~근데 저희얘는 안먹어요ㅠㅠ', '8개월이면 퍼피사료를 주는게 좋을 것 같아요', '멍냥마켓에 샘플사료 들어왔어요~ 기호성 좋아요오!!', '맞아요 굿씨 샘플 들어왔어요 저 낮에 펫밀크랑 굿씨샘플 포인트로 샀거든요', '기호성 좋은 사료 굿씨 콩이도 잘 먹어요퍼피로 일단 시작해보세요', '아직은 퍼피 먹어야할 시기예요샘플부터 시작해보시는걸 추천드려요~']"
,[]
"항상 휴지로 집어서 변기에 버리고는 하는데 휴지를 많이 쓰게 되더라구요,, 그래서 애기들 장난감 삽스푼😂😂 고민중인데 다들 어떻게 치우시나요?!(애기가 하루에 서너번 응가를 봐요🤩)","['저도 휴지로 집어버리다보니 화장지 많이 사용하게되더라구요샵스푼 생각도 못했보았네요꿀팁이네요^^', '사람이 쓰는 휴지보다 더 많이 사용돼서 고민해봤어요ㅋㅋ😭', '변이묽거나하면씻거나할때물을더쓰지않을까요ㅋ전아예응가치우는용도로저렴이휴지따로구매해서쓰고있어요😄', '오 요것도 생각해볼게요!!💓💓', '고양이 모래삽같은거로 하시면 되지 않을까요? 저는 예전에 비슷한거 써보니 똥이 조금 묽으면 사이에 껴서 닦는데 물이 더 들더라구요 ㅠㅠ 그래도 안묻어나는 똥 치울때는 좋을것 같아요!', '고양이 모래삽!! 생각도 못했어요ㅋㅋㅋ흐흐 감사합니다❤️❤️', '저도 티슈 반싸이즈 제일 저렴한거 사서 한장으로 응아 최대한 집어서 변기에 슉 넣어용 생각보다 많이 안써지는거 같아요!', '저렴한 티슈 왜 생각을 못했을까요ㅠㅁㅠ 감사합니다❤️💗❤️👍', '배변패드 깨끗한 부분 잘라놨다가 혹시 바닥에 실수하면 닦고  응아싸면 집어서 응아는 변기통에 넣고 배변패드는 버려요~~요즘은 배변판으로 바뀌서..', '똥치우는데 생각보다 휴지 별로 안써서두칸정도면 치워지던데요 소형견 키우는 애들이보면 똥커서 못치워주겟다고 하던데삽이나 이런것도 안딲아두면 냄새날꺼같아요~']"
눈물 많이흘리네요ㅠ 어떤 성분이 문제일까요!?,"['주원료일 가능성이 제일 높긴한데 첨가물일수도 있어요 아무도 몰라요  사료를 바꿔가면서 알아가거나 병원에서 알러지 검사하는게 나을수도 있어요', '3개월이면 사료와 상관없이도 아가들이 원래 눈물을 흘리기도 해요 그냥 한번씩 티슈로 닦아주면 좋아요 살살 ㅎㅎ 3개월이면 아직 많이 아가라서 눈물 흘릴수 있어요', '아기때는 눈물많이 흘리더라구요개월수가 넘어가면서 조금씩 좋아집니다지금은 눈물흘리면 아기 손수건이나.강아지 전용물티슈로 닦아주세요', '닭이요ㅠ 젤루 많은 알러지에요ㅠ', '크림이도 어릴때는 닭들어간 사료만 먹으면 눈물나서 닭알러지인줄 알았는데, 다 크고나니 안나더라구요. 어릴때는 누관이 아직 안열려서 눈물이 날수도 있대요.', '그건 알수없어여 검사받아야돼여', '로얄은 기호성은 좋은데 눈물터지고 좀 가려워합니다 ᆢ그래도 전 로얄로 7개월까지는 급여했어요 ㆍ기호성이 좋아 다른사료는 안먹더라구요 키친타올 3등분으로 나눠서 수시로 꾹꾹 눌러주고 이틀에한번씩 전용폼으로 세안해줬어요 ᆢ갑자기 하루 아침에 베트맨되가지고 스트레스 만이받았어요 ᆢ지금도 수시로 눈물은 닦아줍니다 ᆢ눈물은 햋빛받으면 갈색으로 착색되요']"
캡쳐를못했네요 성공힌치와와팀화이팅,"['만점 축하드려요❤️', '만점 축하해요^^', '추카드려요~', '', '', '축축ㅋ', '축하해요🥳🥳🥳🥳🥳', '앗 같은 팀이다 ! ! 화이팅 화이팅이에요!', '10등ㅠ!저흰 6등까지갔다가 14등으로 나라악', '축하해용😆']"
"4개월 치와와를 집에 데려 온 지 일주일 정도 지났고, 처음 왔을 때 바로 분리 수면 했습니다.울타리 문을 열어두고 제가 불을 끄면 혼자서 울타리 안 본인 방석으로 가서 잠을 잡니다.가끔 낑낑대는 모습이 있으나 반응하지 않으면 2분에서 3분 정도 소리내다가 멈추고 잠을 자러 들어갑니다.지금까지는 울타리 안에서 5시간~8시간 정도 생활해왔고 제가 외출하고 난 후에는 하울링이나, 짖음은 전혀 없고 제가 외출 후 집에 돌아오는 소리가 들리면 두 세 번 정도 짖고(이 이상 짖지는 않음), 점프를 하며 살짝 흥분을 하는 모습을 보여서 흥분을 가라앉힐 때까지 제가 울타리 밖에 조용히 앉아있다가 3분 정도 지나면 애기가 흥분을 가라앉히고 앉아서 차분해질 때 문을 열어주면 바로 제 품으로 들어와서 파고듭니다. 그러면 바로 쓰다듬어주지 않고 조금 차분하게 기다렸다가 완전히 진정이 되면 쓰다듬어주고 있습니다.주말에는 일부러 2~3시간 제가 외출해서 자리 비워주고 있고 나머지 시간은 애기랑 함께 보내고 있습니다.1. 우선 저는 분리수면은 지속적으로 하고 싶으며, 침대 위로는 올라오지 않도록 교육하고 싶습니다. 가끔씩 침대로 점프하며 올라오려고 하지만. 반응하지 않고 있습니다. 애기 수면 장소는 제 침대와 2미터 정도 떨어져 있고 서로 볼 수 있는 공간에 울타리를 설치해둔 상태며 울타리 안에 애기 방석이 있습니다. 잘 때는 울타리 문을 열어두고 잡니다.2. 출근으로 인해 혼자 있는 시간이 오후 2시부터 7시인데 (약 5시간) 출근 전 산책한 후 제가 외출할 때는 울타리 안에서 생활할 수 있도록 해도 되는지, 여쭤봅니다. (울타리가 넓어 제가 외출하면 노즈워크나. 장난감을 가지고 놀고 있는 상황입니다.)처음 키우는 강아지이지만 오래 오래 건강하게 함께 할 아이기에 처음부터 분리교육을 잘 하고 싶고, 충분히 예뻐하고 싶은 마음이 있어 자세한 답변 해주시면 감사하겠습니다!","['저희도첨부터분리수면했고안전문설치해두고방에는못들어오게하고거실에서혼자자는데나와서놀아줘요그래서분리불안도없는것같아요', '전 처음부터 그렇게하질못했어요....지금 혹독하게 분리불안훈련중..;끝이없네요...울타리는...얼마나 넓은줄. 모르겠지만 서서히 치워주셔도 되지않을까요?', '잘 하고 계신 거 같아요! 단호함 굿굿근데 강아지가 다리위에 올라오는 것도 살짝 블로킹 해줘도 좋을 거 같긴한데진정되면 예뻐해주는 느낌으루요ㅎㅎ아직 훈련하기에 어린 나이인가 싶긴한데저희 강아지도 흥분도가 높아서 다리에 올라오지 못하게 하고 제 앞에 앉으면 만져줬더니 이젠 제가 외출하고 돌아와 바닥에 앉고, 얘도 제 앞에 앉아서 만져주길 기다려용!', '규칙은 정히기 나름인 거 같은데신나서 점프하면 소형견이다보니 다리에 무리 될까봐ㅠㅠㅎㅎ 앉아있게 했어요', '제일 걱정인 건.. 외출할 때 넓은 울타리에서 지내게 해도 될지가ㅠㅠ 5시간 정도에요..! 처음이라 모르는게 너무 많아서..', '본인이 편안해 하는 곳(취침하는곳)이라면 괜찮을 거 같아요!그리고 전 집 비울 때노즈워크 장난감에 사료를 주고 갔어요! 장난감 굴리면서 시간 보내라구요~', '단호함이 최고교육!', '울타리는 위험한곳을 막는 용도로 사용했었어요~ 특히 전선 뜯지 못하게 가리는 용도ㅎㅎ 분리수면을 하고자한다면 일관되게 분리수면 하셔야 아이도 잘 적응할거에요!']"
뭔가 토를 할거같이 컥컥거리는데 토는 하지않아요ㅠㅠㅠ왜이러는가죠??? 사료를 바꿔서그런가… 간식을 많이줘서 그런가요???,"['사료를 아예 다 새로 바꾸신건 가요?', '너무 급하게 물을 마시고 켁..아님 급하게 사료를 먹어도 그렇더라구요', 'ㅋㅋㅋ물 마시고난뒤 그랫으니까 너무 급하게 마신 거같아요….', '사료 다른걸로 바꾸실려면 오늘은 1/4 내일은 2/4 이런식으로 바꾸는게 좋아요~', '양이 많거나 식기 높이가 안맞아 그럴 수도 있어요~ 식탐이 좀 있는 아이라면 슬로우식기 추천해 드려요~ 간식을 많이 주셨다는건 어떤 간식이신지… 간식은 많이 안주는게 좋을 것 같아요~^^ 저희 달이는 트릿 1~2개가 1일 간식이라~~~^^;; 물마시다가 자세를 낮춰 허억~~ 거리는거라면 물 급하게 마시다 가끔 그렇더라구요~', '급하게 먹어서 그럴수도 있고고양이라면 털때문야수도 있겠네요', '사료나 헤어볼 때문일 수 있어요~']"
"안녕하세요 저희 호두는 지금 1차 접종이 끝난 곧 3개월 비숑인데요.3차 접종 이후엔 코산책을 좀 해주라고 하셔서 슬링백을 하나 사야할 거 같아서요.인터넷에 정말 다양하게 많은데, 직접 써보시고 정착하신 슬링백 제품이 있다면 추천 부탁드립니다! 가격, 디자인, 강아지의 선호도, 기능성(차량이용가능) 등등 이유도 함께 써주시면 더욱더 큰 도움이 될 거같아요! 부탁드립니다!그리고 호두가 비숑이라 지금은 작지만 성견이 되면 L사이즈는 써야할거같은데, 미리 L사이즈를 이용해도 괜찮을까요?","['다 클거 예상하고 사세요~  다클거예상해도 생각보다 더커져서 또사는경우도 이또요 ㅎㅎ', '감사합니다! 얼마나 클지 모르니까 참 어렵네용', '전 저렴한 슬링백사고 돌아다니다가 당근하고 10개월차에 큰걸로 바꿔줬어요! 큰걸로바꿧는데도 15개월까지는 더크다보니 또 당근하게되고 더 큰걸사게되더라구요ㅠ 첨에는 그냥 좀저렴한걸로 삿다가 바꾸시는게 더 나을수도있어요~ 처음엔 받침있는 저렴한걸로 썼고 두번째는 밀리옹M사이즈쓰다가 지금은 쏘오옥L쓰는중이에요!', '15개월까지 계속 크나요!? 얘가 얼마나 클지 예상하질 못 하니까 저렴한거 샀다가 나중에 제대로 사는게 나을 수도 있겠네요ㅠ', '울댕댕이는 20개월쯤까진 컸던거같아요. 댕댕마다 다릅니다!', '헉 그런가요!? 그럼 진짜 저렴한거 샀다가 바꿔야겠어요!', '썼던것 중 겟백이 젤 편했어요. 근데 퍼피면 얼만큼 클지는 예상이 안가서 윗분 말처럼 저렴한거 썼다가 바꾸시는 게 더 나을 것 같아요', '겟백 기억해두겠습니다! 감사해요 ㅎㅎ', '차로이동할때도그렇고애견동반으로여행다니기엔백팩이젤편하더라구요백팩도한번생각해보세요😄아기다크니까슬링백오래메고다니기힘들더라구욧ㅜㅜ', '호두는 비숑이라 더 클테니 백팩이 나을 수도 있겠네요..이와중에 땅콩이 왜캐 뽀얗고 이쁘죠!? 눈물 자국도 없네요ㅜㅜ']"
"5개월 말티푸인데요, 이전에 잘하던 하우스 등의 명령을 안하고 멀리서 쳐다만 보고 있어요 그러다 고개을 휙 돌려버리는데 개춘기가 온건가요? ","['벌써 개춘기가 왔을까요???👉👈', '네 개춘기 같네요~ 빠르면 4-5개월부터 시작된다고 해요', '슬슬개춘기올시기맞아요알아듣고는모른척ㅋㅋ', '개춘기~~울아이도 5개월때 개춘기 사료투정 같이왔어요아직도 개춘기ㅠ', 'ㅋㅋㅋ 개춘기 시작인가보네요', '개춘기시작이네요ㅋㅋ고개 획~~돌리는모습이 상상이가요~', '저희애도 5개월 시작하면서 개춘기와서 죽것네용..... 개춘기같아유  ㅠㅠ', '개춘기 같아보여요ㅠㅠ', '개춘기 시절 밥투정하고 말 안듣더니지금은 걱정없어요', '어머 개춘기왔네..']"
"1 . 현재 2차 접종까지 맞았고 다른 강아지에 비해 접종 시기가 늦어서 산책도 아직 못 했는데 3차에 나가는 게 좋을까요? 5차에 나가는 게 좋을까요?2 . 병원 갔을 때 슬개골 탈구 위험 있다고 점프를 조심하라고 하는데 얘가 너무 뛰고 그러는데 방법이 조금 없을까요? ㅠㅠ 슬개골 탈구 될까봐 너무 걱정인데 견주분들 팁 좀 쥬세요 3 . 미끄럼방지 매트를 바닥에 깔아뒀는데 애기가 물어뜯어서 스펀지를 먹는데 물어뜯지 않을만하고 가격도 착한 매트 좀 추천해주세요 ㅠㅠ 아무리 찾아도 다 매트가 비슷한 것 밖에 없어요 😭4 . 입질교육 , 배변훈련 어떻게 하나요? 자꾸 손도 물려고 하고 똥•오줌도 현재 못 가리는데 교육하는 방법 없나요? ㅠㅠ 이것들 말고도 강아지 키울 때 팁이나 말티푸에 대한 정보 좀 알려주세용 !!강아지 키우는 게 처음이라 너무 어렵네요 ,, 모든 견주분들 대단해요👍","['접종 다 끝날때까지는 코산책만 하다가 접종끝나고 산책 다녔어요~~ 매트는 디팡매트 괜찮더라구여^^', '1. 저는 2차 접종 후부터 산책 했어요~ 코산책부터 하다가 3차 후에 풀 있는 곳 근처만 안 가고 걷게 했어요.2. 점프를 많이 한다면 많이 흥분한다는 말인 것 같은데.. 집에서는 흥분을 부추기지 않게 해주세요. 그것만으로도 많이 좋아질 거예요.3. 매트는 저도 한 때 물어뜯었는데요, 그때마다 못하게 했어요. 애플비트였나 스프레이 뿌리기도 했고요.4. 입질 교육은 위에서랑 같이 흥분 시키지 않고 깨물때 단호하게 밀치거나 방에 들어가 버리거나 했어요. 깨무는게 심하면 멋대로 다가오지 못하게 하시고 놀아주지 마세요.배변 교육은 패드 넓게 도톰하게 까시고 화장실 앞이나 문 앞 같은 곳에 여러군데 깔아두세요. 잘 하면 칭찬해 주시고 안 쌌으면 하는 곳에서 밥주거나 놀게 해줘보세요.', '코산책만하세요~진드기에 영역표시많아서ㅠ', '1. 3차하고 사람도 강아지도 풀도 없는 곳에 진짜 살짝만 걷게 해주거나 안아서 코산책 해주고 5차를 맞은 후에 친구랑 접촉해도된다고하신 기억이 나네요', '11개월말티푸호리맘입니다 다들 똑같은마음이네요. 슬개골걱정이 제일크기도하지요 저는우리호리를6개월에만나서  아무런 정보없미 걱정으로 키웠지요 근데 조금은 뚝심도필요한듯 해요 너무조심조심키우다보니 더약하게 키우게되서 산책도 사람없는 공원에서 조금걷다가 뛰다가 냄새맡게하다가 시간을늘리게 하니 다리근육이 튼튼하게생기더라구요 등산산책로7km완주? 힘든코스는 안고가기도했지만 그렇게 다니기도해요 저는 다른견이랑 많이어울리지않고 주로 둘이나 신랑이랑 산책을다니는편이라서요', '저희는 2차때잠깐 코 산책 하구 뛰는건 어떻게 못막겠더라고요 높은데서 뛰어내리는것만 못하게 막고 입질을 하게 된다면 얼굴을 잡고 잇몸을 손으로 만져주세요 처음엔 살살 하다가 입질이 심하다면 어느정도 마사지 한다는 느낌으로 해주신다면 많이 좋아질겁니다 저희 아이도 3개월째인데 처음이 왓을때 이가 가려워서 발가락 손가락 물더니 이제는 손을 가져다 대도 이빨에 슥 대기만 하고 바로 빼네요']"
처음에는 적당했는데이젠 계속 올라타서 얼굴을 너무 너-무 햝아요ㅠㅠ 괜찮은건가요? ,"['가끔 그렇게 애교많은 강아지들이 있더라구요ㅋㅋㅋ성향인것 같습니다!', '저희아가도 그래요 ㅠ 제가 꼭 츄파춥스된 느낌 ㅋㅋ', '배고프거나 너무 사랑하거나 애정표현 하고싶거나.. 우리크림이도 하루종일 온몸을 다 핥아요. 익숙해지세요 ㅋㅋ', '저희 로미도 얼굴을 엄청 핥아요ㅎㅎ거의 세수 시켜주는 수준ㅋㄷ애정 표현하는거 같아요^^ 로미가 밤에 자기전엔 유난히 많이 핥아준후 자러가요💕 시간 지남 암치도 않아진답니다~^^', '저희보리도 부담스러울정도로 얼굴을 핥아여~~ㅋㅋ아침엔 세수를 시켜주는듯~~ㅍㅎㅎ좋아서 그런거니 걱정않하셔되 되용', '우리땅콩씨는손,발,다리가리지않고다핥아요ㅜㅜ', '저희도 외출했다 돌아오면 엄청 핥아요오빠는 콧구멍까지 싹싹 핥아준답니다과해요 ㅠㅠ', '울아이도 자고일어나면 그리 애교 부려요ㅋㅋ', '울애기도 그래요~  한번 시작하면 계속하려고한다는~', '1울밤도 누워있으면  좋아서 엄청  핥아서 못하게하면  더 하더라구요포기..']"
너무 물어서 이제 무서워요...여린살들을 조금씩 물어서 너무 아프네요..인형 ..우드스틱 안하려고 하고 살만 노려요...한우블리스틱 사주니 너무 좋아해서 하루종일 씹는데 아직어려서 턱에 안좋다하니 또 뺏어버렸어요!껌이나 츄 추천부탁드려요,"['저희 강아지도 진짜 심해서 어떻게 할지 많은 고민과 시도를 했는데 일단 교육이 젤 중요한 것 같구용실리콘 장난감이나 로프로 이 간지러운거 해소시켜주세용 아직 애기라 저는 밀크껌 주고있어요!', '개껌보단 다양한 질감의 장난감과 우드스틱 주시고요,가까이 오면 블로킹하시고 놀아주거나 만지지 마세요. 차분히 혼자 있을 때 살살 만져주시고 깨물면 벌떡 일어나셔서 등을 돌리거나 사라지거나 해보세요. 꾸준한 교육 해야합니당', '저희보리도 엄청심했어요~손을 무슨 지장난감인감양 앞니도 앙앙~그때는 아직 유치라서 더 뾰족하더라구여..손에 다 상처였어요~아무리 혼내도 그때뿐이구..ㅋㅋ좀씩 훈련시키면서 장난감도사주고 시간이 지나니까 덜해요~지금도 지기분좋으면 손부터 입으로가져가요~ㅋㅋ저는 딱딱한우드스틱보다 봉제인형 삑삑소리나는걸 많이 사줬던거같아요~', '이갈이저희집애들도..ㅜㅜ', '손물면 전 겁줘요!']"
분양받은지 일주일됬고3개월차 된 포메입니다갑다기 눈가부터 미간까지  털이 새끼손톱크기만한 한뭉치 빠졌는데ㅜ병원가봐야할까요?울타리생활중이라 딱히 뭘한것도 없고눈물티슈로 눈꼽 닦아준거밖에 없는데 왜그럴까요ㅜ눈물때문인걸까요?,"['눈물많아서 습진 생긴거 아닌가 싶어요ㅜㅜ', '눈물나서그런거같은데병원가보시는게좋을것같아요', '갑자기 빠진거라면 병원가보시는게 좋을거같긴하네요!!ㅠㅠ', '포메면 원숭이 시기 같기도 하고🥲 시기가 빠른 것 같으니까 정확한건 병원 가보시는 게 나을 것 같아요!', '안면빗으로 주기적으로 빗어주셔야해요. 하루에 한번이상 꼭.   원숭이시기가와서일수도있고 눈물이 굳어서 뭉쳐서  뜯어져나올수도있구요.', '눈꼽이랑 눈물때매 습진이생기는경우가 종종와요! 병원 추천드려요 저도!', '습진같아요ㅠ병원가셔서 연고 받아서 발라주세요', '눈물때문인 것 같아요!눈물 원인이 다양해서 치료를 위해서도 병원에 한번 방문하시는 거 추천드리고, 대부분 식이알러지에서 시작되니 사료로 테스트 해보시고 바꾸시는 것도 좋을 것 같아요~', '병원다녀왔는데 효모곰팡이균 때매 그런다네요 보니까 한쪽귀 귀안까지 딱쟁이같은것들이 있더라구요ㅜㅜ한번걸리면 평생간다는데ㅠ 관리노하우 있을까요?']"
안녕하세요!4개월 넘은 몸무게 1.7kg인 말티푸 키우고 있는데현재 행복캔넬 가장 작은 사이즈 이용 중입니다강아지한테 작지는 않은 사이즈 같은데 잘 때 다소 불편해 보이기도 하는것 같아서요캔넬 300 사이즈로 바꿔줄까 하는데너무 커도 안 좋을까요??용도는 주로 집에서 잘때만 사용합니다~~감사합니다!,"['지금괜찮은거같아요 큰것보다 몸에 맞는게 편안함을 준다고하더라구요~좀더크면 바꿔주셔도 될거같아요 저희도 캔넬을 자는방으로 사용하고있어요^^', '집에서는 살짝 여유있게사용하고차에서는 딱맞게 사용하라고훈련사분이 알려주시더라구요켄넬을 두개씩이나 준비해야한데요 ㅠㅠ어릴때쓰던거 처분했는뎅..흐미 또사야해요', '켄넬은 강아지가 딱 섰을때  머리위로 주먹크기만큼 남고    들어가서 몸을 돌려서 다시나올수있을정도의 크기가 좋아요. 현재는 맞는데 4개월이라니  2배이상은 몸무게가 늘텐데 다 크면 작을거같긴해요.', '저도 같은생각으로 큰걸삿다는 근데 너무커서ㅋㅋ  지금은 방치중이예요~', '지금 딱 좋아요~하지만,아이가 여기서 더 큰다면 바꾸시는걸 추천드려요 )~', '아이 클때 생각해서 큰걸로 바꿔주세요', '애착생기면 작아도 들어가려고할거고 4개월이면 조금 더 클 수 있는데 척추에 안좋은 자세가 될 수 있을거 같아요. 이동목적이 아니라면 같은모델 아예 큰사이즈로 바꾸시는게 어떨까요~', '아이가 아직 더 클거니까 클거 생각하면 전 미리 바꿀것 같아요~', '애기가 켄넬 안으로 들어갔다가 한바퀴 돌아서 나오고 엎드렸을 때 자리가 좀 남는 정도의 사이즈가 좋아요♡', '']"
태어난지 5개월째고 아이 엄마견이 유기견구조돼서 아이는 보호소에서 태어나 지내다가 애견카페로 이동한 아이 데려왔습니다 데려온지 4일째 되는데 배변활동을 제가 외출하거나 잘때만 하는거같더라구요...어제는 다녀왔더니 이불에다가 오줌발싸해놓기도하구 패드에 응아하면 벅벅 긁어서 어지럽히기도 하구요 그래서 해결해주려고 데리고 나가면 절대 한발자국도 안움직여요..ㅋㅋㅋㅋ다시들어가려고 해도 안움직여서 들어서 갔네용.. 산책은 아직 제가 믿음이 안가서 그런거겠죠? 워낙소심한아이라 간식주눈데도 움찍움찔하고(그래도 천천히 만져주면 눈감고 엎드리더라구요) 계속 잘려고만해서 걱정입니다ㅠ,"['겁이 많고 소심해서 그래요. 강아지마다 적응하는 기간이 다른데 2주 정도면 적응할거에요. 그때까지는 쳐다보거나 관심주지 마시고 그냥 두는게 적응하는데 도움될거에요.', '아직 모든게 낯설고 어색해서 그럴꺼에요~ 시간을 두고 천천히 하나씩 하나씩 하시다보면 세상 젤 행복하고 밝은 아이가 될꺼에요~패드는 여러장 많이 깔아 두시고요^^', '겁많은 아이 같아요~ 조급해하지 말고 천천히 하나씩 해나가면 나중에 엄빠만 아는 찰떡이가 될거예요^^ 윗분 말씀처럼 넓게 패드 여러장 깔아 놓고 배변훈련 하다 조금씩 줄여 나가시면 좋아요^^', '너무 조급해하지 않으셔도 될 것 같아요. 길게 보고 천천히 느긋하게 해봐요 우리♡ 저희 막내도 제게 처음부터 다가오진 않았어요. 손도 경계하고 입질은 안 했지만 먼저 오는 법이 없었으니 말 다 했죠 뭐 ㅎㅎ 그런데 시간이 약이고 보호자님의 꾸준한 사랑과 인내심만이 정말 답이라고 생각합니다. 천천히 조금씩 하시다 보면 아이도 마음 열 거예요. (그리고 배변훈련은 처음부턴 배변패드 정말 많이 깔라고 배웠어요. 처음부터 협소한 공간 마련해주면 스트레스 받거나 실수하기 일쑤고 또 실수해서 야단 맞음 자존감만 떨어진다고 하더라고요. 그리고 또 한 방법으로는 처음에 배변패드를 군데군데 (서너장씩 겹쳐서 주 생활공간 여기저기) 깔아서 그 위에 올라오거나 관심 보이면 간식 하나씩 주는 식으로 연습하다 보면 잘 될 거예요♡) 화이팅입니다♡', '답변 감사합니다! 한창 뛰어놀 나이 같은데 너무 집에만 있어 걱정이었어요ㅠ 일단 적응하는게 먼저군요!', '복 받으실거에요. 화이팅!!!', '아직 적응중이라그럴거에요!!! 지속적인 관심과 사랑, 기다려주신다면 다해결될거에요!!', '하나하나 적응하는데 시간이 생각보다 오래 걸리더라구요. 화이팅 입니다!!']"
2개월 말티푸 사료양 얼마나 줘야햐나요?? 샵에선 아빠 숟가락으로 한스푼 주라고 하드라구용 8시간 간격으로 3번! 근대 너무 적은거같아서 한스푼 적당한거맞나용?,"['너무적어요 멍냥보감에.아이 몸무게를 입력하면 사료량이 나오니 그렇게주심되요!', '앗 감사합니당! 사료량은 물에 불기 전 으로 재야하나요 불엇을때 재야할까용??', '불기전으루 하심될거에용', '그렇군용 답변감사드려용 ㅠㅠ!!!', '멍냥보감 홈에서 나온 양으로 갑자기 늘리는건 안좋아요ㅜㅜ 샵에서 지금까지 조금 먹였을텐데, 갑자기 양을 늘리는건 설사의 원인이 될 수 있어요. 우선 멍냥보감에서 계산하시고, 원래 샵에서 급여하라고 한 한스푼에서 점점 양을 늘려가며 급여해주시면 돼요. 그리고 만약 멍냥보감 급여량대로 줬는데 변이 묽으면 양을 좀 줄여주셔야하고, 변이 딱딱하면 양을 늘려주셔야 해요2개월이면 하루 4번 이상 급여가 좋다고 해요~', '아!! 감사합니다 처음 이라 아무것도몰라서용 ㅠㅠ 자세한 설명 감사해요 도움 많이 될것같아요', '한스푼 밖에 주지 않은건 크기를 작게 하려고 그런거 같아요 아가때 쑥 쑥 커야 나중에 튼튼하답니다ㅜㅜ 한스푼에서 조금씩 적응할 수 있게 늘려주시면 좋을거 같아요😊', '그러쿤요 ㅠㅠㅠ 그래서 그런지 엄청 말랏더라구요 서서히 통통이로 만들어볼려구요 감사해요 😍', '아가시절에는 3번보다는 4번으로 나눠서 주시는게 더 좋다고 알고있어요급여량 나누기4해서 주시면 되어용', '혹시 물은 상관없을까요? 샵에선 물을 많이 주지말라면서 변이 묽어진다 햇엇어용 근데 인터넷이나 다른데선 충분히 주고 알아서 먹으라고 하라구 많이봐서요 !!']"
여름이라 이제 아침에 방역차가 돌아다니네요.별생각없다가 산책할때 강아지는 괜찮을까 하는생각이..다른분들은 어찌하는지...방역차가 지나간 후에 바로 산책을 가도 될까요?누구는 지효성이 남아있으니 아예 가지 말라는데그럼 산책을 갈때가 없는데..😭,"['전 방역차오면 주변 놀이터가서 좀 기다리면서 쉬다가 30분 정도후에 다시 가요. 그쯤가면 냄새도 안나더라구요. 방역차가 온 동네를 다 돌아다녀서 피할수는 없을것 같아요.', '몸에 좋진않을것같아요ㅠ쫌 기다릴수밖에', '저두 기다려요ㅠ몸에 안좋을듯ㅠ', '미세먼지에도 사람보다 더 민감한 아이들이니..마스크를 씌울 수도 없고ㅠㅠ 피해서 기다리는게 좋을 것 같아요ㅠ']"
7월3일 화요일에 5차맞고 항체검사를 7월10일에 하자그러시네요ㅠ제가 알기론 2주뒤에 하는건데그전에해도 상관없을까요??ㅠ찾아봐도 전부 2주뒤에 하신분들뿐이라ㅠ궁금해서 여쭤봅니당..,"['저도 마지막6차  맞고 일주일뒤가서 중성화때필용피검사 하면서 항체검사했는데 항체생긴거 확인시켜주셨어요 일주일에서 하루부족하네용ㅎㅎ', '5월31일 마지막 주사맞고 6월6일 항체검사 랑 중성화했어요~', '아아ㅜ 일주일도 괜찮은거네용ㅠㅠ 저는 일찍하면 항체 조금 나올까봐 걱정했거든여ㅠㅠ 감사합니당', '저는6차가 광견병 인플루엔자2차였기때문에  병원마다 조금다르기도하더라구요 보통 파보 홍역 코로나 이런기본은 처음에많이들어가서 5차맞는거가 저랑 비슷하시면 괜찮으실거같아요~불안하시면  냅따병원전화하셔서 물어보셔도 좋을거같아용~', '7월3일 5차+인플루1차고ㅠ 항체검사10일에하고 17일에 광견병 맞는다네요...ㅋㅋㅋㅋㅠㅠ 다 맞고하는게 맞는거같은데ㅠㅠㅠ', '저도 다맞고 광견병까지맞은 뒤일주일이니까요 ㅠ아직덜맞고 하기불안하시다말하시구 다맞고 2주뒤 진행 하겠다고 하셔요~5차때 검사하고 부족부분을 6차때 같이더하는병원들도 있다하시구 일주일만에도 항체가생길 애들은생긴다하더라구요그래도 불안하니까  다맞구 진행하셔요~~', '네ㅜㅜㅜ 감사합니다ㅠㅜㅠ 하도 불안해서 전화로도 확인했는데 뭐 괜찮다고만 그러셔가지구ㅠㅠ 감사합니다~~!!!', 'ㅎㅎ 괜찮은거면 다맞고하겠습니다!!하셔요ㅎㅎ 불안하신것보단 그리하시는게 좋쳐~^^', '보통 항체가 2주정도 걸려서 생긴다고 해서 그런 기간이 정해져있는걸로 알아요~확실한 결과를 위해서는 기간 채워서 가는걸 추천하고싶어요ㅎㅎ', '아아 역시 그렇죠ㅠㅠ 아무래도 다시 예약잡아놔야겠어요ㅠ 알려주셔서 감사합니더ㅠㅜ']"
"4개월때 데려와서 애기가 6개월 되가요! 데려온 곳에서 가급적이면 1년동안 같은 사료를 먹이라고 해서 네추럴초이스 뉴트로 키튼 먹이고 있었는데 이 사료가 다 품절이거나 가격이 말도 안되게 올라서요 ,,, ㅜㅜ 비슷하고 괜찮은 사료 혹시 있을까요? 습식이나 다른 츄르 간식은 거들떠도 안보고 오로지 사료만 주구장창 먹어요ㅠㅠ ","['저는 1살 전까진 오리젠 키튼 먹이고 10개월쯤부터 로얄캐닌인도어로 조금씩 적응시켜 갔어요~  오리젠은 워낙 고단백이기도 하고 중성화 이후 살이 급격히 찐다고도 하고 갑자기 바뀌면 안먹을까봐 아주 소량씩 로캐인도어 주다 11개월때부터는 거의 비중이 90%는 되게 줬던 것 같아요. 아! 그리고 얼마전까지 하림 더 리얼캣 먹였는데 깔끔하고 괜찮더라고요~ 사료가 깔끔해요. 키튼도 있으니 함 비교해 보시면 될 것 같아요. 업체별로 샘플 먼저 신청해 보시고 기호성 테스트 후 구매하시는 걸 추천 드립니다~^^ ~^^', '감사합니다❤️ 더위 조심하세여!!', '베이비 사료는 로얄캐닌이 성분  괜찮아요 성묘 사료는 별로지만요 지금 뉴초 단종된다는 말이 있더라구요 그래서 판매처도 거의 다 빠졌고 가격도 2만원정도 상승한 것 같아요 사료 좋은거 많지만 우리 애가 먹어줘야하니 일단 급하시면 로얄베이비 먹이시고 성묘사료는 샘플 테스트해보세요아이가 선호하는 사료를 꼭 3가지 이상 찾아 놓으시고 저렇게  품절이나 단종.실증 느끼면 바로 갈아 탈 수 있게 준비해두시면 좋아요아이마다 닭.생선 원하는게 달라서 어떤 베이스를 좋아하는지 찾아보셔요^^아이가 저희집 애 어릴때랑 많이 닮았네요ㅎ', '헉 애기 너무 예뻐요!! 완전 닮아서 놀랐어요..!! 감사합니다 더위 조심하세요!❤️', '지금 뉴트로가 수입이 막히거나 단종될거라는 소문이 있던데, 꼭 1년동안 같은 사료를 먹일 필요는 없다고 생각해요~ 저희도 안맞는 사료 교체하며 몇번 (로얄(기름져서 턱드름 생김)>뉴트로(변비유발, 한아이가 안먹음)>밥이보약)바꿨구요ㅎㅎ 지금은 밥이보약 헤어볼, 체중조절 급여중인데 기호성 좋고 괜찮은것 같아요.', 'ㅜㅜ 처음 집사가 된거라서 단종 되는것도 몰랐네요ㅜㅡㅜ 감사합니다! 더위 조심하세요❤️', '굳이 꼭 1년동안 같은 사료를 먹일필요없어요! 전 수도없이 바꿨는걸요...? 아이에게 맞는 사료라면..ㅎ 여기저기 샘플사료 구매하셔서 테스트해보시고 맞는걸로 먹이시는게좋아요! 무턱대고 큰용량샀다가 아이한테 안맞으면 낭패더라구요....ㅜㅜ', '감사합니당! 이것저것 샘플 먹여보고 맞는걸로 구매할게용 더위조심하세요❤️']"
안녕하세요 1살 조금 넘은 말티푸 키우는 견주입니다다름이 아니라 강쥐가 갑자기 하얀 똥을 싸요...인터넷에 검색해 보니까 기생충에 감염된 거라는 소리도 있던데진짜 기생충에 감염된 걸까요? 당장 병원에 데리고 갈 수 있는 여건이 안 돼서 여쭤 봅니다... ㅠㅠ 이런 경험 있으신 견주분들 도와주세요,"['육안으로 보기에는 그냥 갈색변인 것 처럼 보여요. 뼈간식 먹으면 흰색 변 나올 수도 있긴한데 평상시보다 색깔 이상한게 지속된다면 병원 가보세요', '최근에 칼슘껌을 줬는데 그거 때문일 수도 있을까요?', '네 칼슘 초과해서 먹으면 흰 변 나올 수도 있어요', '변으로 아이 건강상태를 알 수 있기 때문에..인터넷에 검색하시면 다 말이 다르니까.. 병원 가시는걸 추천드려요ㅠㅠ', '최근에 칼슘껌을 줬는데 그거 때문일 수도 있을까요?', '혹시 흰색껌주셨나요?ㅎ', '최근에 칼슘껌을 줬는데 그거 때문일 수도 있을까요? 흰색이긴 해요..', '그렇긴한데 자주주신게 아니라면 변에 문제가있는거구요하루에 한개? 두개 지속적으로주셨다면 가능하긴해요', '껌주면 흰색변보더라고용~~껌주지마시고 변상태확인해보고 그래도 흰색변을보면 병원에문의해보세용♡', 'ㅎㅎ 소화가 덜되었나봐요~ 우리강쥐도 주황껌먹다가 꿀꺽삼키면 그대로나올때도있엇어요ㅎ']"
안녕하세요 강아지가 미용을 해서 그런지 자기 사료만 주면 안먹고맛있는거랑 섞어주라고 그러던지 간식만 달라고 하던지자꾸 맛있게 맛있게 달라고 하는데 딱 주지말고 기다려야되나요..?ㅠㅠ미용하고 너무 우울해 하는데 맛있는거 줘야되나요?ㅠㅠㅠ초보 견주는 너무 어렵습니다ㅠㅠㅠ,"['미용하고 며칠이 지났는지는 모르겠지만 하루 지났으면은 습관화 될지도 모르니까 밥 맛있게 먹고나서 보상으로 맛있는 까까 주는 게 좋을 것 같아요!', '맛있는 거 빨리접하면 버릇 나빠져요 ㅠㅠ... 최대한 급여하는 사료로 보상해주되, 미용이나 병원갈때만 간식 쪼끔만 급여해보세요전 예방접종 할때만 찐단호박 쪼끔 먹이곤했어요미용 끝나고 즉시 보상해야지 시간 한참 지나서 주는건 의미가없어욤..', '밥투정계속할거라 보상용으론간식주시고 사료먹을때 안먹으면 바로바로치우셔야 밥투정 고쳐져요 ㅠㅠ 사료거부하더라도 이삼일 공복토하는거괜찮대요', '5개월 아직 아기인데도 괜찮겠죠..?ㅠ', '저희 아이 사료만보면 급흥분했었는데8개월부터 밥투정 두달했고지금도 먹는다했다가 안먹는다했다가 그래요지금은 제가 그냥 바로 치우고 굶겨요그럼 정신차리고 몇일먹다가 또 밥투정하고제가  님글을 계속봤는데미용후 스트레스를 넘 만이 받았더라구요애가 그때처럼 구석에만있고 물도 안먹고하면당분간 맛있는거로 달래주시고활발하고 컨디션 정상이면 밥그릇 치우시고 아무것도 주지마세요저희아이는 간식을 6개월부터 영양제 위주로만 조금씩 급여했는데도 저 난리에요 ㅠ강쥐는 한달동안 물만 먹어도 산다고 하더라구요사료앞에있는데 굶어죽는 아이는 없다고강형욱님이 말씀하시더라구요저도 그때부터 맘 단단히먹고 냉정하게 치워요', '개춘기랑 겹쳐버린거 같은데...  저도 밥그릇 치우기 싫어서 어떻게든 먹여보려하다가 안되겠어서 밥그릇 치웠더니 공복도 해보곤 담부터 호다닥 먹네요... 5개월때 겪은 얘기입니다😢 밥그릇 치우셔두 대여...', '퍼피시기는 간식은 최대한 주지 않아야해요\U0001f979 특히 입 짧은 아이들은 끼니를 간식으로 채우는 경우가 생깁니댜..', '사료투정할때마다맛있는거 섞어줘버릇하니지금은 절대 사료만 안먹어요 ㅠㅠ초기에 교육 잘해주셔야해요완전 후회하고있답니다', '습관되요~이제슬슬 개춘기랑 사료투정시기 올텐데~1살까지는 사료만 먹이세요', '울아가도 미용만 하고 오면 안먹고 안놀더라구요ㅠ 그래서 스트레스풀리게 바닷가가서 모래실컷파고 놀게 했어요 갔다오면 사료를 먹더라구요 토핑해주면 담에 토핑안해주면 안먹어요 버릇되요']"
머리카락이랑 먼지같은 걸 많이 먹어서녹색 토를 하는건가요..?,"['풀같은거 먹으면 그럴 수도 있고, 주는 개껌이 초록색이면 초록색 토 할 수도 있어요', '뭐 초록색 먹은거같은데요?', '산책중 풀을먹었던지 아님 초록색 간식을 먹었다면 초록색토를 하더라구요', '초록색이면 담즙일수도 있어요. 병원가보세요!', '혹시 이전에도 구토를 했나요?흰거품토 노란토 갈색토 초록토 순서대로 위~장 깊숙한 곳에서 나오는 토여서 이전에 다른 토도 했다면 위험해요ㅠㅠ', '산책가서 풀 많이 뜯어먹음 저리 토하드라고요ㅠ']"
안녕하세요 제목보고 뭐 저런사람이 강아지를 키우나 싶으셔서 들어온 분들이 반은 넘겠네요. 나름 진지해서 글 써봅니다. 현재 고3이고 네 다들 아시다시피 수능이 다가오고있어요. 우리집 강아지는 1살 말티푸입니다. 아기때부터 엄마나 동생이 강아지 귀엽다고 거실에서 같이 잤어요. 그러다가 어느순간부터 혼자 두니까 사람 나올 때까지 계속 짖어요. 또 잘 안 그러다가 최근들어 더우니까 창문 열잖아요. 그거때매 시끄러워서 그런줄알고 문 닫아도 짖고 어떤 분들이 그냥 무시하고 두면 포기하고 잔다는데 뭐 진짜 거짓말 안 하고 두시간이고 세시간이고 계속 짖어요. 3월 4월 그쯤엔 공부든 뭐든 스트레서 덜 받아서 짖어도 엄마든 동생이든 나한테 화내도 아 그러려니 하고 넘겼는데 어제 밤에 새벽 3시까지 짖었거든요? 저보고 조용히 시키라는데 진짜 말도 안 되는 소리라고 생각하고요. 아니 그럼 나보고 그럼 자지말라는건가 싶고 정작 애기 데려오자고 지가 다 책임 진다는 동생은 이제 배변패드 조차도 안 바꿔주고 진짜 신경도 안 쓰는거 가족 아니었으면 손절치고싶을 정도에요. 이야기도 제가 몇번을 해봤고 같이 책임 져야하는거 아니냐고 그래도 자기들 힘들다고 산책도 안 시켜주고 진짜 제가 없는시간 쪼개서 밤에 산책하는게 다고 정말 그거대로인데 요즘은 진짜 너무 힘들어요. 제가 1시부터 5시까지 네시간을 자요. 애기가 짖으면 계속 깨고 그거 케어 안 하면 엄마가 소리지르니까 요즘 두시간도 제대로 못 잔거같고 아침마다 가족들이 얘는 왜그러냐고 하면 너무 화나고 그래요. 저는 털 알러지도 있는와중에 수험생활에 생명이고 책임지기러 했고 얘를 위해 뭐 하고 아깝지 않아요 노력도 하고. 근데 진짜 몸이 못 버티겠어요 힘들고 스트레스 받고.. 짖는게 힘들다고 성대수술같은거 하는건 너무 가혹하고 이기적이잖아요. 저는 진짜 너무 힘든데 교육 방법이 있을까요 아니면 계속 데리고 자야하는건가요 긴글 읽어주셔서 감사합니다,"['쫌 심한것같아 감히 말은못하겠지만 저는 짖지마!하고 크게말한뒤 멈추면 간식을주는방법으로 훈련을했습니다', '함께 자다 갑자기 분리되어 혼자 자는건 분리불안 생기기 쉽죠ㅠ 구석진 곳 소음이 적은 곳에 (켄넬)하우스를 두고 하우스 훈련 해보세요. 사료, 간식 등 아이가 좋아하는것들을 하우스에서 급여해주시고요. 잠을 하우스에서 잘수 있도록요. 오전에 엄마,동생분이 힘들어도 산책 5분이라도 시켜주심 좋을것 같아요. 많이 힘드시겠지만 보호자분 생각에 동의 합니다. 생명이고 가족이에요. 힘들다고 안할 수 없는일이죠. 힘내시구요!', '아구 가족들이 너무하네요ㅠㅠ사실 저희두 첫째냥이는 둘째동생이 밀고데려오고 강아지는 아빠가 의논없이 사무실동료한테 입양을🤣정작 케어는 저희가 하고있지만,그래도 울거나 짖으면 어디아픈가싶어 걱정을하지 신경질낸적은없는데..ㅠㅠ진짜많이 힘드시겠어요,,산책두 집에 있는사람들이 낮에는 챙겨주는게 맞는건데ㅠ아고;... 일단 다 뒤로하고저희애는 혼자 못자서 같은방써요~높은침대가 아닌 매트리스만 깔고 자서 그런지 눈에 저가 보이니까 잘자요~가끔 배고프다고 짖지만 자장자장 해주고 강아지 자장가 틀어주면 궁시렁대다가도 자드라구요😂견주라는게 괴롭고 힘들지만 우리가 받는 행복이 힘이 더 많다는걸 잊지마시고 잘해주세요😉', '가족분들이 너무 하시는거 같은데요이제 가족인데 한사람만 책임지라하니그리고 뭔 저런개가 있냐가아니고 가족분들이 글케 냉대하니 아이가받는 스트레스가 더 커서 짖는거일수있다는 생각이 드네요우리 아이는 낯선사람이 집에들오면 난리치면서 짖고 문밖에서 소리나면짖었는데짖지마 ᆢ울타리 계속 일케 단호하게 말하니까많이 좋아졌어요 그래도  안될때는 힘으로 꽉안고 못움직이게 제압해요', '저도 울밤이 낮에는 안짖는데 밤이되면갑자기 캑하고 크게 한번씩 짖어서 자다가 엄청놀랍니다아무리 그러면 안된다고 훈계해도 소용이없네요그럴때는 오라고 해서 배끊어주면 흥분가라 안칩니다ㅠㅠ', '고3인데ㅜㅜㅜ 스트레스가 이만저만이 아니겠네요 ㅜㅜ 가족들은 무슨생각인건지..댕댕이도 글쓴이도 넘안쓰럽네요..', '자러 들어갈 때 따라들어오나요? 따라들어오려고 하면 저리가! 하시면서 블로킹 하세요. 짖으면 또 안 돼! 하시면서 밀어내시고요. 그냥 무시하는 건 거절이 아니기 때문에 포기하지 않습니다. 거절의사를 정확히 전달해야 해요.', '분리불안이 생긴 건 아닌지 ㅠㅠ 보호자님의 입장도 이해 가고 아이도 안쓰럽네요ㅠㅠ 저는 짖을 때 바디블로킹 방법을 썼어요. 외부 환경 양호한데 (물 다 있고 배변패드 깨끗하고 하우스에 이상한 거 없는지 확인 완료) 계속해서 짖는다면 무서운 눈빛은 하지 않되 무표정으로 일어서서 아이를 막아요. 처음엔 그래도 짖을 수 있어요. 막고 조금 물러서면 또 다가가서 막아요. 그렇게 ""하우스"" 지시하면서 하우스까지 들어가게 해요. 성공하면 + 자주 해주시고 한번에 잘 들어가거나 하면 작은 간식으로 보상도 필수로 해주었습니다. 저희 우유는 이 방법으로 짖는 거 정말 많이 고쳤어요.', '아이고 울호리도 11개월 말티푸입니다 짖는데 일가견이 있죠 힘드시겠네요 모든짐을 혼자서...가족이 모두같이 책임지고 하셔야하는데 불리분안이 있어서그런거일수도있어요 너무짖으면 짖음방지용입마개라도 추천드려요 계속하라는건아니고 심할때 훈련용으로하면 조금나아지더라구요', 'ㅠㅠ 숨고 어플에서 훈련사 부르면2시간에 15만원정도 하는데한번 교육으로도 확 달라지니 모두의 행복을 위해 훈련사 도움 받는 게 좋을 거 같아요.. 가족들의 고통도 알겠지만.. 강아지가 짖으며 느낄 불안감도 넘 불쌍해서ㅠㅠㅠㅠ 어서 해결이 되면 좋겠어요저희 강아지는 외부 소리에 민감하고 요구성 짖음 있었는데 고쳐졌어요..! 근데 전문 훈련사가 강아지가 짖는 원인을 파악하고 그 강아지에 맞는 방식대로 해야 효과가 있는 거다보니 방법을 알려드리기엔 어려움이 있어요ㅠㅠ']"
,[]
원래는 배변패드에 잘 쌌는데 환경이 3일 정도 바뀌고 나서 갑자기 대소변을 패드가 없는 바닥에 싸요 ㅠㅠ 5개월이지만 데려온지는 2주차라 울타리 생활을 하는데 울타리 안에서는 또 잘 가리는데 울타리 밖에 있으면 아무리 배변패드를 곳곳에 놔줘도 거실 한가운데에서만 싸요 어떻게 해야 교정이 될까요 ?.. ,"['울타리 하면 활동반경이 좁으니까 배변 잘 하는것처럼 보여도 치우면 도루묵이라고 했어요. 울타리하고 평생 키울거 아니면 울타리는 큰 의미 없다고 하더라고요. 실수 하는곳에 밥도 주고 간식도 주고 노즈워크도 하면서 배변하는곳이 아니라고 알려주고 배변패드에 잘 가리면 폭풍칭찬으로 알려주는게 좋을거 같아요.아니면 이전에 배변판을 사용했는지 확인한번 해보세요. 아이들은 패드에서 판으로 판에서 패드로 바뀌는것도 적응을 좀 해야하더라구요.', '저의 토리도 지금 6개월인데 5개월조금 넘었을때 개춘기가 와서 패드에 싸지 않고 마음 내키는 곳에나 엎드려서도 싸고 영~ 한숨만 나왔는데 이럴때 화내면 안돼기 때문에 몇년치 화를 묵힌것 같네요~ ㅠ 인내가 필요해요~  6개월이 되니 조금씩 괜찮아 지더니 지금은 잘 가려요~패드에 쌀때마다 엄청 큰일을 잘한것 같이 폭풍 칭찬과 맛있는 간식을 주고 다른때와 차이나게 하시면 간식 먹는 욕심에 소변도 줘짜면서 패드에다 싸요~ ㅋㅋ 패드에 잘 쌀때까지는 어쩔수 없어요 만약 패드밖에 싸면 간식을 절때 주면 안돼요~화이팅 하세요 인내하시며 조금씩 좋아지면 성공한거예요', '울밤이도 배변 잘가리다가 6개월쯤 개춘기 때 그러더라구요이블에 오줌도 싸구요지금은 1살이되니 실수없이 대.소변 잘가리네요', '맞아요 개춘기...그쯤에 이불빨래 거의매일하고 뒷정리한다고 다크서클이 많아졌었던 시기였네요😂 성견되면 거의실수없어용', '혼내지 마시고 패드에 쌀때만 간식을 하나씩 주시고 폭풍칭찬 해주셔요!! 아직 적응을 못해서 그럴수 있어요ㅠ 저희도 초반에는 수없이 많은 패드를 깔아두고 점점 줄였어요ㅠ 또 놀이공간이랑 밥먹는 공간에는 쉬나 응가를 안해요 자주 실수하는 곳에서 자주 놀아주고 사료를 조금씩 뿌려두시면 될거같아요', '개춘기~저는 배변유도제 쓰고있어요체리쉬~']"
5개월 비숑입니다 밥은 저녁 9시에 30g 먹었구요 새벽 3시반쯤 구토를 했어요 체해서 한걸까요 ?? ㅠㅠ(사진 머리카락은 원래 바닥에 있었던 거 같아요),"['강쥐들은 뇌로 조절을 한대요. 속이 편하지 않으면 구토했다가 다시 먹더라구요.', '다시 먹으려고 하길래 바로 치워줬어요 ..', '사료토 같은데요! 급하게먹어서 그런걸수도있어서 아이컨디션보고 다시줘보셔요! 사료급체방지그릇이나 노즈워크로 밥주시면 좀 나아요', '토를 한다음에 다시 급여를 해줘야 하나요 ??', '소화가 안된 음식을 토한거 같네요...', '울애도 토한거 다시 먹을려고하드라고요ㅠ']"
발에 습진은 없는데 성에 차게 안놀아주면 발사탕을 해요...강아지가 엄마랑 있을땐 발사탕을 거의 안하는데 제가 퇴근하고 와서 성에 차게 안놀아주는거 같은면 발사탕을 해요....엄마랑은 하루종일 같이 있어서 안하나 싶고 저는 퇴근하고 오면 거의 12시라서 제딴에는 놀아준다고 놀아주는데 성에 안차나봐요ㅠㅠ...발사탕 조절이 안되서 얼마전부터 넥카라를 씌워주기 시작했는데 오늘은 2시간 동안 넥카라 벗을려고 헥헥 거리면서 발악을 하더라구요....마음 아파서 넥카라 벗겨주고 1시가 넘도록 놀아줘도 갑자기 발사탕 시작해서 못하게 갖은 애를 다써도 병적으로 발사탕 하길래 너무 화가 나서 때리면 안되는데 때려버렸어요.......때리고 나서 저자신에게 자괴감?이 들기도 하네요ㅠㅠ...다 제탓인데 애기한테 화풀이 한거 같아서..다른분들은 발사탕 어떻게 고치세요?ㅠㅠ참고로 산책은 하루 2번 합니다...ㅠㅠ,"['저희도 발사탕 하길래 양말신겨요. 넥카라는 그냥빼버려서 넥카라보단 양말추천이요ㅠ! 다이소에 양말천원주고 사서 신겼어요~', '벗길려고 용쓰지 않나요?ㅜㅜ펫스룸 넥카라도 물어뜯으면서 새벽 2시까지 벗길려고 난리였어요ㅜ', '넥카라는 그냥빼는데 양말은 못벗겨서 포기하더라구요!  넥카라는 거의 꽉쪼여서 묶어놔야 못빼서 안쓰럽길래 양말 자주신겨요!', '습진같은게 있는 게 아니라면 스트레스 표현을 발사탕으로 하는 경우가 많은데 산책도 충분히 하면서 스트레스 표현을 하는 게 좀 특이한 경우긴 한 것 같아요. 꼬리물기처럼 일종의 강박행동인가 싶기도 하고요...', '엄마 말로는 저만 집에 오면 발사탕 한다고....저랑 놀다가도 갑자기 발사탕 하고 해요;;산책은 주로 엄마랑 하구요ㅜ', '울밤도 발사탕 잘난아닙니다넥카라 씌워준다가 불편할때가 있는지 이저저리 눕다보면  목을 눌를때가 있어 캑캑할때가있어요지금은 수건옆에 두고 발사탕하고 나면 열심히 딱아주고 있어요 ㅠㅠ', '여름에는 습기때문에 더 발사탕을 하다더라구요병원에 다녀왔는데 피부에 이상없어도 간간히 발사탕 할거라고 ㅠㅠ너무 못하게하면 관계악화도 될수잇다고하네요', '때리진 마셔요.. 화가 치밀 때도 있지만 저도 그 맘 알아요... 결국 후회하실 거잖아요ㅠㅠ그리고 넥카라 너무 답답해하면 행주? 그거 가운데 가위집 내서 씌워줘보시겠어요? 저흰 막내가 발사탕하는데 넥카라 스트레스 많이 받을 때 누웠을 때 발 덮는 기장까지만 모서리 잘라서 그렇게 씌워주곤 했어요!', '호두도 가족들 다 자려고 누우면 엄청 빨더라구요ㅜㅜ 그래서 넥카라 해주고 자고 새벽되면 벗겨줘요', '저는 그냥 발사탕 너무 심하게 하지 않으면 나두는 편인데ㅜ 그게 그렇게 안좋나요?']"
,[]
강아지 발바닥에 하얀거 있는데뭐에요오늘 마당에서 놀다가 집에들어와서발사탕을 너무 많이 해서 봤더니하얀게 있네용..다친 건가요아님 굳은 살?..인가요,"['젤리가 건조해고 거칠어져서 그래요  보습제나 로션 발라 관리 해주시면 좋아요', '감사합니다', '각질이요~~~', '굳은살인것같아요~~', '제가 보기엔  굳은살 같아요!', '과각질화로 되고잇는것같아요 보습신경써주세요', '굳은살 같아요~', '산책 많이 하나봐요👍👍👍', '굳은살?인듯', '굳은 살 이요~']"
다들 강아지 사료뭐 먹이세용?저희는 네츄럴코어 연어&닭고기 인가그거 먹이는데 눈 물 자국이좀 생겼네요;강아지들이 좀 잘먹고좋은 사료 있을까요????!,"['빅스비 사료 기호성 좋아요', '저희는 굿씨 먹고 눈물 많이 좋아졌어요', '저희는 노스웨스트 칠면조 먹는데 단백질 관련 알러지때문에 눈물나는 것 아닐까요? 저희 애기는 닭고기먹으면 눈물나요', '굿씨사료요 멍냥마켓에 있어요', '눈물 나면 가수분해 사료나 단일 단백질 사료로 테스트해보세요간식도 가수분해쪽으로 먹이시는게 도움이될 것 같아요힐스도 성분 좋고 눈물 잘 잡아준다고하던데 전 기호성때문에 로얄하이포알러지독 먹이고는 있습니다 일단 간식을 줄여야해요', '굿씨 닭고기 들어가서 닭고기 알레르기 있으면 비추요. 가수분해도 거의 닭이 주성분인 사료들이 많아서 알레르기 반응 심하면 먹어도 증상 똑같을 수도 있어요.애기가 아직 퍼피네요. 알레바 청어 퍼피 추천합니다. 근데 너무 고단백이라 안 맞는 애들 있어요 ㅠ', '굿씨 사료 좋아요', '단일단백질(LID)로 먹이세요.파미나, 아투 에서 나오는게 단일단백질이니 한번 보셔요.', '저흰 파미나 먹여요~', '저는 사료 샘플 여러종류 테스트 해보고지금은 닥터독먹이고 있어요']"
소변은 너무 잘 가리는데 대변만 자꾸 침대에서 실수해요평소에 잠은 따로 자고 침대가 높아서 제가 있을때만 올라올 수 있게 해주는데 올라오면 엄청 흥분해서 손을 많이 물어요 그러다가 실수하고 그래요대변만 실외배변 하라고 밖에 하루에 세네번 나가는데도 밖에서 쌀 때도 있고 산책나갔다 들어오자마자 실수할때도 있고 그래요대변은 성공률이 거의 0퍼센트에요…ㅠㅠㅠ나이 먹을때까지 침대에 못 올라오게 하는게 좋을까용…,"['침대에는 일단 올라오게하지 마시고배변실수를 하면소변은 닦고 닦은휴지로패드에 좀 문질러서 냄새 묻혀주시고대변은 휴지로 잡아서 패드위에올려둔 다음 강아지가패드위에 대변 있는거 확인할때까지 두고패드위에 자기 대변있는거 확인하면 치우시고패드위에 소변,대변훈련 성공 할때마다 간식,사료와 함께칭찬으로 보상을 주세요', '저희는 대변은 잘하는데 소변을…. 😂😂', '침대에서 간식을주면 어때요?', '네 침대못올라오시게하시구요 패드를 넓게 여러장 깔아주세요~아직 애기라 실수도하고 그럴거에요 계속 교육해야되더라구요 나중엔 자기가 깔끔떨면서 패드에만 합니다~~']"
평일은 아침 9시쯤에 니가서 저녁 8시쯤에 들어옵니다. 점심 때 챙겨주기가 어려워 자율 급식을 하고 있는데 2살된 아이의 몸무게가 7~8Kg은 되보여요....앞발을 모았을 때는 붙어있고 식탐도 많아서 제한 급식으로 살을 빼야할까요??,"['중성화를 완료한 고양이들은 스스로 먹는 양을 조절하지 못하는 경우가 많기 때문에 제한급식이 좋다고 생각해요~제한급식으로 주되, 중간엔(보호자님 출근시간엔) 먹이퍼즐에 사료를 소량 넣어두고 알아서 찾아먹도록 하는 방법을 사용하시는걸 추천드려요~ 이렇게 급여하면 사냥본능도 자연스레 해소되면서 공복시간도 줄어들어 공복토도 하지 않고 좋을거에요. 성묘라도 공복시간이 12시간 이상이면 공복토를 할 가능성이 높다고 하더라구요.저희도 집 오래 비울때 가끔 이렇게 해두고 나가요. 급여량은 전보다 좀 줄여주시거나 다이어트 사료로 바꾸는것도 괜찮을것 같아요~ 포만감 높은 습식을 아침 저녁으로 주시는것도 괜찮구요. 사냥놀이도 적어도 하루 한번은 해주세요ㅎㅎ 눈대중으론 정확히 비만인지 아닌지 체크하기 어려우니 정확한 몸무게도 한번 재보시구요~', '감사합니당 ㅠㅠ', '자동급식기로 제한급식 어떠세요!!', '자동급식기 막히지는 않겠죠??어디서 본 것 같아서요..', '전 여태 그런적은 없지만보통 고양이 집사들 보면 자동급식기로 조절해서 체중 조절하더라구요!!!', '살을빼야한다면 자동급식기라도 쓰는게 좋아보여요!', '성묜 체중관리도 건강관리 중 하나라 제한급식은 하시는게 좋을 것 같아요~ 1일 정량이 있다보니 식탐이 있으면 자동급식기 추천해 드리지만 그게 어려우시면 2회 밥을 주시되 중간 혼자 있을때 먹이퍼즐 같은걸 이용해서 찾아 먹을 수 있도록 소량은 집 군데군데 숨겨 놓으시면 어떨까요? 저희는 집 장시간 비울 때 이 방법을 사용하고 있는데 심심하지도 않고 곧 잘 찾아먹더라고요~^^', '윗분말처럼 자동급식기 추천들ㅕ요!']"
좋아서 그런건지.. 고쳐줘야하는건지 모르겠어요,"['헉 저희 겨울이도 제가 앉아있으면 다리위로 올라와서 가슴타고 점점 올라오려고 해요,,', '우리토리는배위에', '저희 하다도 7개월인데 똑같아요ㅠㅠ 애기때부터 쭉!! 너무 좋아서 그런거래요,,,\U0001f979', '너무 좋은가봐요~~~그래도 고쳐줄수있음 고쳐주는게 좋을것같아요', '저희 멍머도 그러는데 올라올때 푹 하고 아파요ㅠㅠㅠ 저는 고쳐야겠더라구요ㅠㅠ', '제딴엔 신나고 좋아서 그런거죠울 튼실이도 그러는걸요많이 심하지 않으면 관잖더라구요', '좋아서그런것같아요', '울밤이도 제가 누우면 배위로 점프해요좋아서 그러는것 같아요배위에서 뽀뽀 엄청해요^^', '다른 문제행동이 없으면 상관없는데 문제행동이 있다면 고치는게 맞을 것 같아요. 올라오면 벌떡 일어나면서 밀쳐버리세요. 거절 몇 번만 하면 알아듣습니다.', '저는 고쳐주는거 기준을 사람이 불편한걸로 잡았어요. 생리적 본능적으로 필수적인거 말고 사람 밟고 다니거나, 햝거나, 밥먹을때 방해하는거는 사람이 불편하니 고치는게 맞지 않을까요. 평생 살아야하는데']"
"요즘 교육하고 있어서 단호하게 하고 안받아주니까 그런지 그 전까진 배변패드에 잘 싸던애가 응가는 잘하는데 쉬를 가끔씩 담요에 싸네요ㅜㅜ오늘만 담요 두번째 빨고있어요,,스트레스 때문일까요 4개월 사춘기가 온걸까여","['저도 요즘 배변실수 때문에 힘들어요ㅠㅠㅠ저희 강아지는 소변은 잘 가리는데 응가를 못 가려서…우선 하루에 세번네번씩 데리고 나가니까 좀 나아지긴 하더라구요..?', '원래 담요랑 배변패드랑 촉감을 비슷하게 느껴서 최대한 담요같은건 처음에는 치우는게 좋다고 듣긴 헸어요', '아 !! 감사해요!!! 당분간 치워놔야겠어요 ㅎㅎ 저는 반항한다고 자꾸 거기에 싸는줄 알았네오 ㅎㅎㅎㅎ', '4갤이면 그랄수더잇어영..1살때까진.실수할수있다고 생각하규 너무 혼내짘마시고  윗분처럼 담요 이불 발매트 이런건 치워주심 될듯요 ㅎㅎ 그리고 쉬.똥 잘싸면 칭찬해주시고요 ㅎㅎ', '넵!!!감사합니다 ㅎㅎ💗', '아직아가라 실수하는거같아요. 저흰 하루에한번 이틀에한번꼴로 카페트 빨았어요ㅠㅠㅋㅋ 애기때는 실수많이하니 그냥 그러려니하고 넘어가고 잘햇을때 칭찬많이해주세요~', '넹 감사합니다🐶❤️', 'ㅠㅠ 저두 하루에 두번씩 세탁기돌렸어요ㅠ6개월되니 안하드라고요ㅠ', '더 심해지지만 않았으면 좋겠어요 ㅜㅜㅎㅎ', '촉감이 비슷해서 그러는것같아요!저도ㅠ애기때는 다치워놨더니 안하더라구여😆']"
,[]
5문제 정답!! 기분좋아요^^#멍냥퀴즈,"['축하해용👍🏻', '감사합니당~♡♡', '축하드려요🥳', '달콤이 고맙습니당', '축하드려용🙂', '우왕! 축하해용!', '축하해요!! 저는4점ㅎㅎ', '만점 축하해요^^', '축하드려요🥳', '축하드립니당!']"
털때매 자세힌 안보이는데 딱지같은? 이게 뭘까요? 병원 가야하나요?,"['요즘 여름이라 습해서 피부병 잘 생기니까 병원 가보시는 게 좋을 것 같아요!', '네 감사합니다ㅜㅜ', '병원 가보시는게 좋을겄같아요!', '네ㅜㅜ감사합니다', '피부병일 수 있으니 병원에 가보셔용ㅜㅜ', '네ㅜㅜ감사합니다', '피부병인 것 같네요🥲털 때문에 잘 보이진 않지만 병원에 방문해 보셔서 더 정확한 검사를 받는게 좋을 것 같아요', '헉 감사합니다', '저희유동이도 뭐가 딱딱한게 만져져서 일단  깨끗하게 씻기고 그부위에만 털잘라서봤었거든요~ 긁어서 고름같은게 나와서 굳은거더라구요 그러고는 특별한 외상은 안보여서 넥카라 씌우고 가려워할때 바르는연고 발라줘서 나앗던적이있어요 ~', '바르는 연고는 어떤거바르셨나요?']"
애기가 유치원.다녀오고 오른쪽 뒷다리를 절룩거려서병원가서 엑스레이 찍었더니 2기라네요..너무 속상하고 저 때문에 그런거 같아 미안하네여 애기한테..경험있으신분 병원이랑 가격좀 공유해주세요ㅠ,"['만두도 계속 2기에요. 근데 아직은 절뚝거리지 않아서 다행이지만요.. 아프지 말아야 하는데 힘내세요...', '우리 강쥐는 양쪽 다3기였어요 결국 수술은했지만 최대한 안해주는게 답인것같아요 넘넘 고생한기억만 가득하네요', '충청도 사시면 세종이 좀 가까우시니까 ""세종 리버"" 잘한다고 하더라고요. 🥲 가격은 잘 모르겠는데 평균적으로 한쪽 다리당 200~250은 하는 것 같아요', '4월 말에 왼쪽 2기 오른쪽 1기로 수술햇는데 1달 정도 엄청 조심하니 지금 엄청 잘 뛰어다녀요~~', '병원리랑 비용도 좀 알려주세요', '병원은 많이 머실것 같지만 거제 더나은메디컬센터이고 비용은 기억이 잘 안나네요', '모찌는 양쪽3기진단나왔네요저희는 담주수술인데 양쪽 160이에요', '아마도?', '지지는 3개월때부터 양쪽 다 탈구가 있었고 거의 3기에 가까운 2기였는데요, 병원을 한 5군데 다녀봤는데 다들 수술을 해야한다, 더 어릴때 해야하는데 늦었다, 아직 안해도 된다 등 말이 다 달라서 결국은 슬개골 탈구 수술 잘한다는 곳에서 수술하려고 찾아갔는데 아직은 안해도 된다고 해서 1년에 한번씩 정기검진하는 중이에요!병원 한군데만 가보지 마시고 여러군데 다녀보시고 수술 결정하시는 것도 좋을 것 같아요!!실제로 저희 강아지도 정기검진하면서 꾸준히 관리해주니까 절뚝임도 없어졌고, 병원에서도 좋아졌다고 했거든요😆', '병원 찾아다녔을때가 지지가 딱 8개월 쯤이었어요!']"
강아지가 토를 먹는데....어떡해  해야하나여?ㅜㅜㅡ그리고참고로 휴지가질러 간사이에 먹어여ㅜㅜ,"['강아지가 토하면 바로 치워주시는게 좋아용ㅜㅜ', '네!!!!', '어떤토인가요? 사료나 간식 빨리먹다가 걸려서 토한거 다시먹는건 괜찮아요.', '음 사료가 조금썪여잇엇어여!!!', '그럼 급하게 먹다가 그런거같아요.  토한거 다시먹는게 보기에 좀 그래서그렇지  급히먹다 사료토한거 먹는거는 괜찮아요.', '네❤️', '아는강아지도 그러던데 사료토는 괜찮아요', '넹', '저희 말티즈도 가끔씩은 먹더라고요 ㅠ 아가 아프지많고 건강했으면 좋겠어요', '사료토는 괜찮아요근데 바로 치워주세요']"
오늘 갑자기 저희강아지가 앞쪽다리를 절뚝거리는데요 서있거나뛸때는 안그러는데 걸을때는 불편한게있는지 절뚝거려요ㅜ 저번주 토요일에 해외를가서 일주일간 맡겼는데 거기있던 강아지들이랑 뛰어놀다 그런걸까요?ㅜㅜ지금은 병원못가는데 내일가도 괜찮겠죠?ㅜ,"['혹시 슬개골탈구일수있으니 병원함 가보세요!저희도 삔줄알았는데 슬개골탈구 3기😨', '앞다리라 슬개골은 아니구 놀다가 삐었거나 할 수 있으니 내일이라두 병원가보세요ㅜㅜ 만졌을 때 아파하지는 않나요?', '엇ㅈ!뒷다리가아플때 저희애는 앞다리도 약간불편해하길래 영향이 가는줄알았네여!', '아아!! 그럴 수도 있긴하죠! 아무래도 안 아픈쪽으로 무게를 실어서 많이 걸었다면 이상이 없던 다리도 불편할 수 있을 거 같아요', '네 아파하지는 않아요ㅜㅜ', 'ㅇㅏ항!', '우와..다들 강아지 정보를 잘아시네요!', '염좌 일수도있으니 병원한번가보세요! 저희 애도 근이완제먹고 산책 제한하니 좋아진경험이있습니다', '놀다가 삐긋한듯~낼병원다녀오세요~^^약처방해주실거에요', '병원에 가서 확인 하는것이 제일 먼져 인것 같아요~ 아고 ㅠ 아파하면 안돼는데...']"
"2개월 된 강아지예요밥도 너무 잘 먹고 잘 노는데 하루에 한 2-3번 정도는 영상처럼 재채기를 하더라구요 ㅠ 코도 마르거나 노란 콧물이 나온다던가 그런 건 없고 구토, 설사도 없습니다 ! 혹시 감기 증상일까요 ? 병원을 가보는 게 좋을까요?","['저희 꼬미도 가끔 재채기 할때있어요근데 재채기를 계속 하면 감기일수 있어요😆', '감기 아니에요. 일종의 신호라고 보시면 되요.  무엇인가를 하려고 할때나 원하는게 있다거나 할때 나름 애교부린다고 보시면 되요. 자다가 재채기를 한다거나 가만히 있는상태에서 한다면 감기를 의심해 볼수도 있지만 그리고 감기때문에 재채기를 하면 한번이 아니고 서너번은 연속으로 해요.', '감긴 아닌것같은뎅!', '저희 겨울이도 가끔씩 저렇게 재채기하는데 뭔가 마음에 안들거나 원하는거 있을때 유독 그러더라구요!!!', '감기라기보다 재채기같네요ㅎㅎ귀여워라~', '재채기~~ㅋㅋ기요미~~♡', '우리 토리도 가끔 재채기 하는데 감기는 아니고 어쩌다 하는데 괜찮아요~^^']"
원래 사료를 잘 먹었는데 지금은 안먹네요....간식은 진짜 잘먹고 잘뛰고 잘 노는데 유치가 4개가 빠져서 그런지 ....딱딱한것도 못먹어요ㅠㅠ고양이랑 같이 키워고 자율배식인데 고양이사료를 탐내고 먹을라하는데 간식으로 일단 먹이고 사골도 먹이고 과일도 먹이고 하는데 아무래도 사료가 제일 좋을거같아요살좀 찌울수 있고 맛있게 먹는 가격대 저렴한 강아지 사료 뭐가 있을지 추천좀 해주세요ㅠ,"['하림 오븐베이크드 가격 저렴한 편이고 기호성 좋고 딱딱하지 않은 사료였어요한동안 꽤 잘 먹었던 사료예요', '감사합니다 샘플 있으면 먹여보고 싶네요ㅠㅠ', '윌로펫이 말랑한거로 광고많이한거봤었어요!', '네~찾아볼게요! 감사해요~', '유치빠져도 딱딱한 건사료 잘먹어요걍 밥투정같은데요저도 두달동안 밥투정하는데 미치는줄잘먹다 일욜부터 먹는다했다 안먹는다했다사료 샘플 넘 만이 사지마세요전 12가지도 넘게사서 급여했는데 자꾸 다른걸 주니까 더더욱 심하고 고쳐지질안터라구요지금은 올바른끼니 먹이고 있어요딴 아이들은 환장 대 파티던데저것은 정신을 못차려요', 'ㅋㅋㅋㅋㅋㅋㅋ아 밥투정인가욬ㅋㅋㅋ아....확 그냥...아무것도 안줘버릴까욬ㅋㅋㅋ아요...쪼만한게ㅜㅠㅜㅜㅜ', '저도 올바른 끼니 사료에서   요걸루 갈아탔는데  엄청 잘먹네요', '저도 이거먹일까했는데이제 겨우 변 잡히고 또  딴거주면 먹다 안먹고 반복하니까 아예 밥그릇 치워버려요 ㅠ', '저희강쥐말티푸인데 3살이고이것저것 다먹여도 입이짧고 잘안먹다가웰니스스몰브리드로 정착했어요잘먹고 살찌고 사료먹고나면 물도잘마셔용아,그리고 미리 웰니스못시켰을때 급하게 잘먹잘싸 시켰었는데 진짜 너무잘먹었어요.']"
사진처럼 강아지 위생미용을 하고나니 거뭇거뭇하게 작은 점 같은것들이 있더라구요 ㅠㅠ 문제가 있는건 아니겟지료...?알레르기인가요?,"['피지 같아요!', '피지요????!!! 어머 강아지도 피지가 있나요..? 어떻게 해줘야하죠..? ㅠㅠ', '요런게 다 피지인건가요...? 초보맘이라 잘 몰라서요 \U0001f979\U0001f979', '물로 불려서 살살 밀어주면 밀린다고 하더라고요. 스파해줘도 좋구요!', '정보 너무 감사드려요❤️ 지금 산책 가려고 하는데 산책 갔다가 목욕시키면서 말씀주신대로 해봐야겠네요 ㅎㅎ', '헉.. 강아지도 나이들면 검버섯이 생기나요..?', '정상이에여ㅋ', 'ㅎㅎ 유치원 선생님도 정상이라고 하시네요.... 처음이라 모든게 다 불안해소...ㅎㅎㅎㅎㅎㅎㅎㅎ', '괜찮아요!', '네 한시름 놨어요 ㅎㅎㅎㅎ 완전 초보견주라 하나하나가 다 놀랍고 알아가야할 것 천지네요 🤣🤣']"
아직 3개월차 토이푸들… 장난감 가지고 놀다가 갑자기 손을 깨물더니 왕왕 짖기도 하고 으르릉 거리면서 꼬리를 흔드는데 너무 신나서 그런건가요…?,"['아 입질훈련해야해요!물때 격하게 반응해주세요 아악!!!!이런식으로요! 세살 버릇 여든까지 갑니다ㅋㅋ', '오바쌈바 치면 될까요 ㅋㅋㅋㅋㅋ 앙아아어아악!!!! 뒤로도 굴러야겠어요', '네네 좋아요ㅎㅎ 강하게 나가셔야해요!', '맞아요 저두 꼬미가 물때 아아아악악앗악!!!!!하니까 뻘쭘해 하드라고요ㅋㅋ', '🤣 야는 왜 신경도 안 쓸까요 😂😂 이름만 같네여… 이 친구는 말썽쟁이…', 'ㅋㅋㅋ그러게용😝😝😝😝😝', '입질훈련 화이팅이에용\U0001fae7', '아자아자… 말썽꾸러기…', '강아지들 놀다가 너무 신나면 으르르르릉 한다그랬었어요!!ㅎㅎㅎ 그렇지만 새끼때 주인에 관련된 모든것을 못 물게 해줘야한대서 저는 손물어도 아야!! 머리카락 물어도 아야!! 제 옷 물어도 아야!! 했어욬ㅋㅋㅋㅋ저희 애기는 새끼때 성질도 더러워서 신나서가 아니라 불편한데 자기 건드리면 이빨 드러내면서 으르렁 거리다가 물려고 했거든요ㅠㅠ 지금은 입질교육 철저히해서 아아아아야!!하면 바로 핥아줘요ㅎㅎㅎ멋지게 클 수 있도록 같이 화이팅해용!🔥', '입만 툭툭 거리고 끝이네요 차가윤 아이…']"
아이가 갑자기 토해서 치우려고 봤더니그걸 먹었는데 이제는 먹진 않아요.이거 문제 없는거 맞나요?,"['토한걸 먹으면 오히려 괜찮은거라고 들었어요', '네. 감사합니다.~', '토한것 먹는거는 문제가 없어요^^', '토하고 다시먹는건 괜찮아요 ㅎㅎ']"
울타리 안에다가 뒀는데 자꾸 서서 점프하는데 괜찮을까요? 포메는 슬개골이 안 좋다고 하는데 ㅠㅜ 걱정되서요 ㅜㅜ 입양한지 이제 3일차라 초보라 잘 몰라서요 ㅠㅠ,"['푹신한 매트 해주셔야 될 것 같아요. 흥분 안하게 앉아, 엎드려, 기다려 교육도 시급하겠네요 ㅜㅜ', 'ㅠㅠ 미끄럼방지매트 깔긴 했는데 아직 애기라 말을 안 듣네요 ㅠㅠ 감사합니다!😊😊', '울타리에 못 올라오게 해야돼요 울타리에 올라오면 살짝 밀쳐주셔야돼요', '밀쳐도 계속 그러니깐 걱정이네요ㅠ 교육을 시켜봐야겠어요! ㅜㅠ 감사합니다!!😋', '아하ㅜㅜ화이팅 하세요☹️🤗', '혹시라도 울타리 틈에 낄 수 있으니 조심하세요~ 제가 아시는분 아기 강아지가 울타리 껴서 병원갔다 오셨어요 ㅠㅜ 그 후 투명 울타리로 바꾸셨다고 하시더라구요!', '에궁 ....😔 걱정이네요 ㅠㅠㅠ 저도 강아지가 울타리 낄까봐 걱정인데 ,, 울타리를 바꾸든가 해야겠어요 ㅠㅠ 감사합니다 😀😀', '저희 강아지 새끼때부터 이미 울타리 뛰어넘고 마스터였어욬ㅋㅋㅋㅋㅋ전 안믿었는데 무슨 낑낑 거리는 소리가 들리길래 몰래봤더니 진짜 2개월밖에 안된애가 울타리에 다리 하나씩 넣으면서 올라서 넘더라구요..ㅋㅋㅋㅋㅋㅋ처음 봤을때 충격잌ㅋㅋ8개월 된 지금은 진짜로 날라다닙니다. 저흰 포기했어요😂 그냥 탈구 최대한 늦게 와달라고 거실이랑 방 바닥 매트깔고 쇼파에 계단 놓구  혹시 모르니 관절 영양제 먹이구 있습니다. 그래도 까망이는 훈련으로 교정 할 수 있을거에요ㅠㅠ 저희는 우다다타임도 심하게 올 정도로 까불이입니다ㅠㅠ', '에구 ㅜㅜ 저희 집 강아지도 차라리 안 다치고 건강만 했으면 좋겠네요 ㅠㅜ 😂아직 1차도 접종 안 해서 울타리에 뒀는데 접종 마치면 꺼내놔야겠어요 ㅠ! 집에다가 온통 매트로 깔아놔야겠네요 ㅜㅜ 감사합니다 !!! 훈련이 잘 됬우면 좋겠네요 하하 ..!!😃', '겨울이두 제가 눈 앞에서 안보이면 점프하더라고요..다칠까봐 걱정이라 툭 밀어주는데 제가 없을때 점프하고 있다가 가까이가면 또 멈추고 걱정이에요ㅜㅜ']"
이제 4개월된 말티푸인데 오늘 차타고 외출 후 돌아와보니 이렇게 토를 해놨는데 지금 이런 토를 3번째 했어요밥 시간이라 사료를 불려서 급여 했는데 먹고 또 토하네요 혹시 왜 이러는건지 아시는 분 있나요ㅠㅠ,"['급하게 먹은건 아닌가요?울 말티푸 급하게 먹고 뛰다가 사료 토하거든요사료 잘 안먹는데 토까지 하면 속상해요😣', '최근까지 사료를 불려주다가 이제 막 건사료 먹기 시작했는데 아무래도 식탐이 많은 아이여서 그런지 엄청 급하게 먹더라구요ㅠㅠ 토는 처음이라 너무 속상하네요😭😭', '사료 천천히 먹을수 있는 슬로우식기(그릇) 한번 사용해 보시지요!!', '멀미 한것 같기도 하고, 자동차 처음 타보나요?', '아니요 3시간씩 장거리 운전을 해도 얌전히 잘있는 아이인데..ㅠㅠ', '한번도 아니고 세번이면 병원을 꼭 가보시는게ㅠㅠㅠㅠㅠ저희 애기들도 차멀미 가끔씩 하는데 연속으로는 안하더라구요…별일없기를!!!!', '저희 말티즈 아가때 사료 많이줬는데 토했었어요 ㅠ 사료를 많이 주신걸까요?', '사료토같아보여요!! 한끼정도 금식하고 적은양으로 차차 늘려보시면 어떨까요?', '사료양을 조금 줄여보시거나바꿔서 먹여 보세용먹을때 그릇에 한번에 주지말고3개씩 바닥에 던져서 천천히 먹는연습도 시켜야해용', '병원부터 빨리가보는게 낫지않을까요']"
지난주까지 약을3주 주사 두대씩 3번맞고 이제오지않아도된다고하셨는데..오늘 귀를 털기에봤더니 귀에서 또냄새가나요ㅜㅜ너무더워서 그런건지..일주일에한번해줬는데 여름엔 더자주해야하는건가요?외출할땐 에어컨 1시간맞추고 선풍기 회전으로 계속돌리는데 다들 온도관리는어떻게하시나요?여름이 처음이라 너무어렵네요ㅜ,"['전 냥이 집사인뎅...귀곰팡이균에 걸린적도 있고..워낙 피지샘이 발달한 아이라고 너무 기름선을 자극하는것도 좋지않다고하셔서 일주일에 한번씩 가볍게 귀세정해줘요! 전 병원에서 하듯이 액을 귀에 넣지않고 솜에 묻혀서 집게같은거로 닦아주고있어요~! 에어컨은 낮시간대에 2시간정도 틀어지게해놓고 나와요ㅜㅜㅎ', '귀에 이상 없는 애들은 일주일에 한번하고 귓병 있는 애들은 3~4일에 한 번 해주는 것 같더라고요에어컨은 음..!! 분리불안 때문에 잠깐만 두고 가는데 거실에 에어컨 켜두고 방 한쪽은 문 열어두면 딱 좋더라구요', '저는 1~2주에 한번씩 해주고 있어요!', '저희 애는 의사쌤이 귀지가 많이 생긴다구 하셔서 일주일에 두번 해요 에어컨은 인버터형이라 26도로 맞춰놓고 외출해요!', '아하 에어컨을 시간맞추고 꺼지거두니 나중엔 더워서그런가...그냥26도를 맞춰놓고 하루종일 두시는거죠?ㅠ자꾸쳐져있는거같아서 너무걱정되더라구요', '네 ㅠ 끄면 금방 더워지더라구요 껐다켰다 하는것보다 그냥 쭉 키는게 전기세도 덜 나가서 그냥 풀로 틀어놔요', '저는 그냥 샤워하고 해줘요😋', '일주일 주기로 해주고있어요', '전 1주일에한번해욥', '분명일주일주기였는데 귀에염증생겨서 3주고생했어요ㅠㅠ이제딱 일주일되가는데 귀에서또냄새가 스믈스믈..귀를 흔들기시작..ㅠㅠ조짐이보여서..귀에털도다뽑아줬는데 왜그럴까요ㅠ간식도줄였는데ㅠ']"
고여있는 물 잘 먹다가 한번 샤워기 물 맛보더니 그 이후로 샤워기 물만 먹어요..문제는 흐르는 물을 좋아하나 싶어서 온갖 정수기를 다 사다줘도 안먹는다는거에요...꼭 퇴근한 사람 붙잡고 샤워기 물 달라고 애옹 거립니다ㅠㅠ다 출근하고 집에 혼자 있는 시간동안은 물을 아예 안먹는 것 같고..샤워기물은 거의 1-2분 낼름낼름하면서 먹고 다 먹고 나면 켁켁대요ㅠㅠ이래저래 너무 걱정인데 어떻게 해야할까요..ㅜㅠ,"['저희애도 우연히 수돗물 틀어준거 먹은 이후로 목마르면 싱크대가서 울더라구요... 졸졸졸 물줄기나오는걸 좋아하는거같아서 퓨어워터 급수기사줬더니 잘먹긴하는데 그래도 한번씩 싱크대 수돗물을 할짝이긴해요ㅜㅜ설거지하면 와서 물먹고...물장구치고그러더라구요..발닦으면서ㅋㅋ', '맞아요..!!! 물먹고 발로 물장난도 치고!!다른 물도 잘 먹으면 좋을텐데 샤워기 물만 고집하는듯해서 걱정이에요😭 그것만 아니라면 물장구 언제든 환영인데😭', '설거지하는데 물장난쳐서... 엄마홀딱젖게하기도하죠.... 귀여우니깐봐주지만... ㅋㅋㅋㅋ 샤워기처럼 나오는 급수기를 찾으셔야하나..ㅠㅠ 저희애는 물줄기로 틀어주는걸좋아해서 그나마 퓨어워터 잘쓰고있긴한데ㅜㅜ 샤워기는애매하네용ㅜㅜ', '이렇게 집사는 또 다른 급수기 찾으러 여정을 떠나봅니다......총총....', '꼭 찾으시길바래용ㅠㅠ.... ㅋㅋ', 'ㅎㅎㅎ감사합니당😀', '아~ 상상하니까 너무 귀여워용 ㅎㅎ', '낼름낼름하는 모습 보면 진짜 귀엽긴해요...\U0001fae0 그냥 회사 근처로 집을 옮기고 점심때도 샤워기 물 대령해야할까봐요😂', '피드보니 넘 이쁘네요💕💕', '감사합니다 봄이도 넘 졸귀탱이에요😍\U0001fa77']"
 눈물사료 뭐 좋은거 추천좀해주세요.  눈물냄새가 독해요 ㅠ,"['눈물사료 알고 있는 것들 적어보자면 나우, 화이트독, 이퀄리브리오, 내츄럴발란스, 피쉬포독 화이트 요렇게 알고있는데 사료를 크게 가서 두가지 밖에 못먹여봤네용.. 나우 유명하길래 처음 먹였더니 토해서 로얄캐닌 좀 다시 먹다가 내츄럴발란스 고구마연어로 바꿔서 먹였는데 확실히 효과 있었어요! 제가 눈물 닦이고 케어하는것도 있지만 저는 저거 먹일때 눈물도 적게나고 냄새가 하나도 안나서 맘에 들었었어요! 다만 강아지가 한가지를 먹이면 질려해서 끈질기게 못먹인게 속상하네용..🥲', '눈물사료라는 건 따로 없다고 하더라구요🥲 보통 사료의 주 단백질에 알러지가 있어서 눈물이 난다고 해서 단일단백질사료 급여해 보시는 것도 추천해요! 저는 빅스비 사료 급여해봤고 칠면조들어간 사료 먹으니까 눈물이 폭발해서 칠면조 들어간 간식이나 사료 안줬더니 눈물 많이 줄었어요😁', '아이에 알러지요인을 알아야 사료 정착할 수있어요 눈물사료라는것은없고 알러지성분 유 무에따라 눈물을멈추게 할수있죠 우리아이는 사료 테스트하면서 연어 소고기 돼지고기  조금이라도 들어있음  빨간 눈물 비춰요 간식 포함입니다', '아이마다 알레르기가 다 달라서 그나마 첨가물이 적은 동결건조쪽이 알레르기가 적고, 단일단백질 사료로 먹이면서 하나씩 찾으시는 게 좋아요', '알레르기때문일 수도 있어요! 알레르기 일으키는 성분 제외하고 사료 찾으시는 거 추천드려요ㅎㅎ울 아이도 눈물폭팔, 냄새, 털빠짐이 심해져우선 처방사료로 알레르기 가라앉히고 사료 다시 찾아보려고 기다리고 있어요~', '첫번째 간식 끊어야해요두번째 가수분해 사료만 먹이시면 효과를 느낄 수 있어요세번째 가수분해 사료가 싫으시면 단일 단백질 사료를 찾아서 테스트해보세요네번째 육류 단백질이 원인인지 곡물 단백질이 원인지도 찾아봐야해요 쉽지 않더라구요그래서 전 그냥 로얄캐닌 하이포알러제닉 먹이고 효과를 봤는데 외출할때 간식 줬더니 또 터지더라구요그래서 티어젠 2주 먹였는데 확실히 효과는 좋아요성분이 항생제지만 여름에 눈물 흘리니 염증이 생겨서 어쩔 수 없이 먹였네요여러가지 방법을 다 시도해보셔야해요ㅠㅠ']"
원래 뉴트로캣 인도어 먹이다가 지금 사료 수급이 안되어 못사고 있어서 블랙우드 캣 인도어 함 먹여보려고 주문했는데 괜찮은 사료인가요? 사료쪽은 무지해서 잘 모르겠네요 ㅜㅜ,"['기호성 그다지 좋지 않아요저희 여덟아이 기준이지만 10년전에 블랙우드 고가 사료로 유명하고 집사들 사이에서 성분좋다고 소문난 사료지만 그 이후 블랙우드 사료에 대한 논란이 있었던 것으로 기역해요그 뒤로 블랙우드는 하양길로 접어들었고 지금 거의 안 먹이는 걸로 알아요사료 좋은 거 많아요외동묘고 조금 좋은 사료 먹이고 싶으시면 게더 좋습니다 저희 아이들 기준으론 다 잘 먹더라구요 로얄이.내발.뉴트로.비오비타.아카나.오리젠 이제품들은 기호성을 어느정도 인정 받은 제품이라 무난하게 먹일 수 있근요지위픽같은건 호불호가 정말 확실히 갈리는 사료고요 나우.생식본능.go 사료는 기호성이 그다지 좋은 편은 아니지만 성분은 괜찮아요 요즘 힐스도 많이들 먹이시더라구요사료샘플 신청해서 테스트해보세요', '아..뉴트로 단종된다는 말이 있어서 지금 수급이 안되는 걸로 알고 있어요마즈에 전화 문의해보세요 마즈에세 수입판매하는 제품이니 단종인지 수급조절인지 알 수 있을 것 같아요사료 종류 너무 많아서 일일이 나열할 수 없지만 가장 많이 먹이는걸 먹여보는게 기호성 실패 확률이 낮아요^^', '와 자세하게 알려주셔서 감사합니다..! 주변에 고양이 키우는 지인이 없어 정보찾기에 한계가 있더라구요ㅜㅜ 블랙우드 주문한건 취소해야겠어요 ㅎㅎ', '사료를 주문하기전에 꼭 기호성테스트를 해보세요 우리 애가 생선베이스를 좋아하는지 닭베이스를 좋아하는지...까다롭고 예민한 아이는 꼭 기호성 테스트로 사료샘플 신청해서 먹여보세요 요즘 한 쇼핑몰에서 여러가지 사료 샘플을 판매해요 택배비도 절약되고 다양하게 구매해서 테스트 가능하니 네이버 서치 해보시구요 사료는 꼭 3가지 정도 잘 먹는 사료를 찾아두고 3개월 텀을 두고 돌아가면서 먹이면 덜 질려하고 수급 조절 안될때나 가격 상승할때 갈아 탓다고 돌아오는 방법이 좋아요', '감사합니다 너무 도움이 됐어요!! 기호상 테스트 꼭 해봐야겠어요 8냥 키우시는 분은 뭔가 다르네요 역시 ㅋㅋㅋ 고수의 포스가👍👍👍', '기호성 테스트 저는 현 먹고 있는 사료가 있어도 자주 해보고 있어요. 한가지만 계속 주면 워낙 질려 하기도 하고 고령이 되었을 때 사료들에 노출이 많이 된 아이들이 밥먹기 훨씬 수월해진다 하더라고요~ 이참에 맨 윗분 댓글 참고하셔서 기호성 테스트 해보신 후 바꿔주시면 좋을 것 같아요', '그렇군요!! 우리 애기는 뭐든 너무 잘먹어서 그런건 생각도 못했네요! 여태까지 가격이나 수급문제 때문에 몇종류 바꿔왔는데 다 잘먹더라구요🙀🙀 내추럴발란스나 로얄캐닌 전부 환장을 해서ㅋㅋㅋ 근데 로얄캐닌은 별로 안좋다고 들어서 가격이 쫌 낮은 뉴트로캣으로 갈아탄거였는데 다른것도 맥여봐야겠어요.. 감사드려요 ㅎㅎ!!']"
거이 매일 밥을 먹다가 토나 헛구역질을 하는데 토를 할 때에 한두알씩 토를 합니다 밥은 하루 두번 아침 저녁으로 주고 있어요 유독 저녁에만 이러는것 같은데 보고있으면 너무 안쓰럽고 마음이 좋지 않아요ㅜㅜ 방광염에 걸려서 사료를 바꾸었는데 리뷰를 보니까 그 사료를 계속 먹으면 좋지 않다고 해서 원래 먹었던 사료로 잠깐 바꾸긴 했는데 그것 때문 일까요...?ㅜ,"['병원에 가보시는게 좋을 듯 해요ㅠㅠ', '사료가 분해가 안되고 그냥 나온 것 보니 급하게 먹어서 그런듯해요 슬로우 식기 사용하거나 사료를 접시나 바닥에 흩어져보세요 조금 천천히 먹을 수 있게...저희 아이도 저렇게 토해서 사료알 작은 걸로 바꾸고 자율배식하니 토 안하더라구요저희 애는 씹지 않고 큰 알을 급하게 먹고 삼켜서 자주 토했어요지금은 토 안해요']"
"이동가방,방석 등등 필수 강아지 용품 추천해주세용!(브랜드 있는걸로!)저희 사촌네가 강아지 입양한다고 해서 다른분들 의견도 듣고자 물어봅니다!","['나는 이쁜게 좋다!! 서루어깨 편한게 좋다!! 겟백서루도 요즘 어깨 많이 편해졌다고 하더라고요 😊방석은 갓성비는 아르르,여름에는 엘르독 쿠담이 썼는데 푹신하고 방수도 잘 돼서 좋아요', '오옹! 감사합니다\U0001faf6\U0001faf6', '가방이랑 쿠션은 쏘오옥꺼 쓰고 방석은 아르르꺼써요!! 빨래자주하는편이고 2년째쓰는데 튼튼~', '글쿤용~ 감사합니다\U0001faf6', '이동가방은 슬링백 말씀하시는 건가요??위고노꺼 튼튼하고 잘 쓰고있어용~', '브랜드가있는건가니지만 다이소방석도 짱짱..', '이동가방은 진짜 바비스영강추여!!\U0001faf6🏻', '저는 퍼핑 이동가방 쓰고있는데 수납공간도 사이즈별로 많고 안에 쿠션도 양면사용가능이라 저희집 강아지가 외출시에 편하게 잘 있더라구요!!']"
"데리고온지 한달차 막 됐어요 6개월 4개월 포메이구요근데.. 패드에 잘 싸다가도 이불에 올라와서 싸기도 하고노는곳 싸는곳 먹는곳 분리해두는게 좋다해서 다 분리해두고 배변판에 잘싸면 간식 칭찬도 꾸준히 해주는데다 전 재택근무라서 집 비울일도 거의 없어서 칭찬 빼준적도 거의 없어요..유튜브 보면 엉뚱한곳에 싸면 그냥 조용히 치우래서 조용히 치우기도 해보고 소리도 쳐 봤는데 그냥 아무데서나 싸네요바닥에만 싸면 치우면 그만인데 이불 빨래만 이번에 수십번을 한거 같아요;; 이불 못올라오게 울타리를 높게 쳐놔도 뛰어 넘어오거나 울타리 부숴서 들어오고 이불 올라오기 전에 자고난 후 , 신나게 놀고난 후 이럴때 배뇨한다길래 그 때 맞춰서 배변판에 가서 30분 한시간 이렇게 쌀때까지 기다려 주는데도 안싸서 이불위에서 놀아주려고 올라오면 걍 바로 싸요 진짜 약올리는것도 아니고대체 어떻게 훈련을 해야하는걸까요 주변에선 화장실에 가둬라 이불에 싸면 때려라 혼내라 이러는데 혼내는거 빼고는 못할거 같은데 다들 어떻게 훈련을 하신걸까요ㅠㅠㅠㅠㅠ아 너무 스트레스 받아요 하,,,,,","['실수하는곳에서 엎드려 연습하기, 오줌냄새 유린오프로 확실하게 지워주기 생각보다 스트레스 받지마시구 그려려니~하면 금방 변하더라구요 ㅋㅋ', 'ㅠㅠㅠ마음이 급하니깐 스트레스가 받는거 같아요,,, 역시 배변훈련은 인내심이 답이군요 😭😭', '식분증 포함해서 거의 8개월넘게 걸렸네요ㅎㅎ 화이팅!', '배변훈련은 인내가 답인거같아요~ 저희는 1년넘으니까 배변판위에 잘하더라구요. 칭찬과 인내가 답..', '처음 울타리 설치하신 후 안에 전부 배변패드 깐다음 차근차근 없애면 될 것 같아용~~', '1년7개월 .4개월 포메 키우고 있어요. 형아 포메는 꼭 배변판 위에서 정해진 위치에서만 싸고 동생포메는 푹신한곳 이불.배변패드.발판.걸래 등에서만 싸요.찾아봤더니 강아지도 촉감으로 싸는 아이가 있고 정해진 곳에서만 싸는 아가가 있다고 하더라구요.저희는 발판 다 없애고 방문에 안전문 설치했어요.그리고 패드깔아주니 거기에 잘 싸더라구요. 지금은 베란다 화장실에서도 잘 싸고 있어요.끈기와 인내가 필요한거 같아요.아가에 대해서 잘 파악하셔서 성공하시길 바랍니다.', '와...진짜 ㅜㅜ 저희댕이 과거보는 것 같아, 제가 다속상하네요. .전 절대 화 내지 않고 항상 조용히 치우고 우연이라도 패드에 잘 싸면 하이톤으로 폭풍칭찬해주고 간식줬던 기억이나네요. 그걸 1년을 했습니다..^^ 2살된 우리 댕이 지금도 잘싸면 칭찬 받습니다 마음을 편히 가지셔야해요화이팅', '실수하는곳에서 간식주거나 배변판에 배변유도제 뿌려주세요!저희애는 이걸로 일주일만에 싹 됫어요']"
42일째 말티즈 아이인데 6시간에 한번씩 분유 먹고있는데 소변은 수시로 싸고 대변은 하루 1~2회 정도보더라구요! 문젠 물을 안먹어요ㅠㅠ생초보 견주가 됬다 보니 강아지들은 코가 마름 안된다하는데 코가 말라 있어 걱정이 들어서요ㅠㅠ코에 물도 묻혀 줘 봤고 손에 물 떠서도 먹여 보려고했는데 핧짝이기만 하고 안먹어요..... 물은 아예 거들 떠보지도 않아서 이러다 탈진 같은게 오는게 아닐까 걱정이계속 들어서요ㅠㅠ 잘 자고 잘 먹고 잘 놀고 하는데..물을 어떻게 먹여야 할까요?? 꿀팁 부탁 드려요!!!!,"['펫 밀크 한번 사서 급여해보세요!!! 아니면 물에 좋아하는 야채를 같이 넣어서 주시는 것도 !', '그런게 있었나보네요!!! 감사합니다!!!', '아직 분유먹으면 분유도 수분이니 탈진은 오지 않을것 같아요~ 그리고 생후 42일이면 분유 대신, 사료를 우유나 물에 으깨 급여하거나 이유식으로 넘어가셔야 할듯하네요. 이유식은 4-5시간 간격으로 급여하면 된다고 멍냥보감에 적혀있어요.', '잘 먹는지 몰라서 샘플 구입 후 분유랑 섞어서 으깨서 먹였었는데 먹이던 사료가 오프라인에 안팔아서 온라인 주문 기다리느라고 분유만 먹이고 있었어요;;; 탈진 오지 않는다니 마음이 놓이네요 감사합니다!!', '저도 펫밀크에 물타서 아침저녁으로 주고있여요!', '물도 타서 먹여야 하나 보네요!!! 댓 감사합니다!!', '우리 아이는 음수량을 황태 곱게 갈아 물에 .타주고 사료 물에 불려서 주었답니다', '그런 방법이 있었나보네요!!! 댓 감사합니다!!!', '펫밀크는 잘안먹길래...락토프리우유에 물타서 주고있어요!']"
애견동반펜션갔다가 괜히 예민한 견주나 비반려인 만나서 기분상하는일있을까봐서요ㅠㅠ설마 동물도 안키우면서 동반펜션와서 견주들한테 뭐라하진않겠죠?ㅠㅠ애견동반카페는 사람꺼만팔고 그러는거처럼 다를까봐서 여쭤봐용~~,"['독채거나 노키즈존으로 가면 그래도 괜찮을 것 같아요. 어딜가나 도라이는 많아가지고🥲 웬만하면 피하는 게 좋긴 하져', '아이고 독채로 알아보는게 그나마 낫겠네요😂', '반려견 동반 호텔에 왔음서로 배려를 해야죠만약 진상짓하는 사람 있으면에효 불쌍하다 하고 넘기세용~~', '네엥 풍기는 이미지로 어떤사람한테는 얌전하고 어떤사람한텐 짖어서ㅋㅋ아고 교육도 조금더 시켜야겠네용ㅠㅠ', '애견동반과 애견펜션은 차이가 있어요~  애견동반은 그야말로 동반이 가능한거라 아닌 사람들도 있어서 견주쪽이 더 신경을 써야할거에요ㅜㅜ', '아구 그렇군요ㅠㅠ', '애견동반-그냥 동반만  가능할경우 ,이동할때 안거나 가방 유모차 이동,반려견을 위한 부대시설 서비스가 따로없음', '그렇군요ㅠㅠ애견펜션으로 먼저 다시 알아봐야겠네욬ㅋㅋㅋ동생한테 동물도 안키우면서 거길 왜오냐며 그랬는데😂감사합니다...', '애견펜션은  반려동물 없으면 안받아 주는곳도 있어욤!ㅎㅎ', 'ㅋㅋㅋㅋ감사합니닼🤣']"
"입질이 전혀 나아지지않고 더 심해져요.. 이제는 더 컸다고 대들고 짖고 더 세개물고 난리도 아니네여,, 혹시 훈련사 부르신 분들계시나요? ㅜ ㅜ 정말 고쳐지는지.. 걸을때도 그렇고 가만히 서있어도 물고 안놔쥬네요ㅠㅠ ","['휸련 받아보시길올리신 사진이 작년의 저같네요지금은 저는 상처가 많이 연해졌어요', '훈련 받으세고 많이 좋아지셨어요ㅠㅠ?', '쟁반두 해보셨나요 ㅠ 저도 팔이랑 손 온통 상처여서 안돼 무시하기 블로킹 다 해도 안 됐는데 노랑 쟁반으로 계속 막았더니 많이 줄었어요 물론 아직도 많이 흥분하면 좀 물긴 하는데 이유없이 깨무는건 줄더라고요 •• 그리고 우드스틱은 안 좋아했는데 녹각 사주니까 온종일 그거 깨물고 있어요', '쟁반..처음에는 무서워서 도망가더니 이제는 쟁반을 물라고하고.. 쟁밤없는 쪽으로 달려들고.. 후우 녹각 알아봐야겠어요!', '새나개 장동민편 보세요.저도 그거 보고 입질 고쳤어요..', '오 저도 보고 와야겎어요', '오오 한번 보겠습니다!', '저도 입질때문에 미챠요!너무 아파서 눈물이 뚝뚝.  .한우블리스틱은 너무 잘먹는데 턱에 무리가 간다는글읽고 뺏어버렸어요...', '쟁반에 대든다는 건.. 보호자를 만만하게 봐서 그래요.. 자기 또래나 부하쯤으로 여기니까 밀어내도 니가 뭔데~ 하며 달려드는거죠. 평소에도 너무 놀아주거나 만지거나 하지 마시고 늘 단호하고 침착한 모습 보여주세요. 권기진 훈련사님 유튜브 추천드려요~ 참고해보셔요!', '헉.. 너무 놀아주고 너무 만지나봐요…. ㅜㅜ 고맙습니다 한번 봐볼께요!']"
눈물이 워낙 많은 아가라 사료 이것저것 도전중인데혹시 안 맞는 음식이면 먹자마자 눈물이 나기도 하나요? ,"['네 근데 눈물이 원래 많은 애면 사료가 너무 좋아서 흥분해서 날 수도 있어요🥲 색상이 있는 눈물이 아니면 거의 알레르기가 아니더라고요', '수의사님이 알러지가 있긴한것같다고 하셨는데 도대체가 뭔지 알수가 없어서요ㅜㅜ어제 오리가 주원료인 습식캔 먹더니 눈물이 또 나길래 이렇게 반응이 빨리 날수가있나 하고 궁금했어요! 한동안은 나름대로 뽀송했거든요… 맛있어서 운건가…? 또 헷갈리네요', '긴가민가 하면은 며칠 더 먹여보세요. 저희집 강아지는 긴가민가해서 3일정도 연속으로 주면 다른 이상 증상도 같이 생기더라고요. 약간 갈색 눈물 나면서 주변이 짓무르거나 발톱을 막 뜯어요🥲', '네에 감사해요ㅜㅜ 왜 알러지가 있어가지고 속상하게ㅜㅜ', '네에 감사해요ㅜㅜ 왜 알러지가 있어가지고 속상하게ㅜㅜ']"
이게 강아지 눈이 사진로 보면괜찮은데 애가 보면 눈이나이 많은 강아지들 보면 눈 뿌옇잖아요아직 7개월인데 눈이 좀 뿌옇게 보이네요3개월때는 애기니까 아직발달이 덜 됬나 싶었는데혹시 질병이나 눈이 잘 안보이는 걸까요? 저희 동네가 시골이라 병원에서도 정확한 진단이안나오더라구요동물병원에서 나중에 물어보고상주에 동물병원 가보려구요,"['강아지 영양제도이왕이면 추천해 주세용', '영양제 먹이기전에 병원가서 정확한 진단을 받는 걸 추천드립니다~~', '백내장 아닐까 하네요ㅠㅠ 병원에서 진단 받구 관리 잘 해봐용🥺', '화질이 좋지않아서 뿌연거 안보여요. 아직 어려서 백내장은 아닐것같은데 자외선 차단 잘 해주세요~', '병원 다녀오시는걸 추천드립니다ㅠㅠ', '얼마전 청담동눈초롱안과전문병원 진료받았는데 각막이영양증이란 진단을 받았어요.없어질수도 있다고 괜찮다고 하더라구요.많이걱정했지만 진료받고 맘이편해요.검사하시면 좋겠어요']"
3개월 조금 넘은 강아지인데 너무 더워하는데 전체미용해도 될까요? 집에서 몇번 클리퍼로 위생미용이랑 클리퍼 교육 한적 있고 병원에서 위생미용 두번정도 받은적 있습니다,"['넘 빠른 것 같아요!! 너무 더워하면 배쪽만 좀 밀어주시는 게 좋을 것 같아요🥲', '네ㅜㅜ 혹시 몇개월지나고부터 가능할까요?', '5차 접종 끝나면 하더라고요대충 5개월쯤?', '아 감사합니다!', '조금 빨라요ㅠ배부분이 체온 조절하는곳이라서 그부분 클리퍼로 살짝,아주살짝만 밀어주세요!', '네ㅠㅠ 혹시 몇개월지나고부터 가능한지 아시나요?', '접종 다 맞추면 위생미용과 목욕정도는 괜찮은걸로 알고있어요:-)', '감사합니다', '전체미용보다는 가위컷정도 해주시면 좋을것 같아요', '접종 다 맞추셨나용?ㅠㅠ3개월이면 다 안맞았을것같은데조금만 더 크면 하시는걸 추천드려용!\U0001faf6']"
현재 15개월 비숑입니다지인으로부터 입양 했습니다언제부터인가 인형 쿠션을 보면 영상에서 보는것 같이 새끼때 어미 젖빠는 것같은 행동을 합니다의견 부탁드립니다,"['초코도 이런 꾹꾹이해요. 😂 심심할때 불안할때 스트레스 받을때 등등이라는데... 행동이 나쁘다기보단 위생상 안좋다고 습관화하지 말도록 하더라구요.', '불안할때 할 수도 있다고 하긴 하는데 검색해보면 성견이어도 하는 애들 많아서 큰 문제는 없을 것 같아요', '강아지들도 꾹꾹이를 한다는걸 테리를키우고 알았어요 스트레스나 불안감에 하는행동이라던데.. 자주 안하도록 신경쓰고 놀아주고 산책하니 꾹꾹이도 없어지더라구요', '쭙쭙이, 꾹꾹이, 같이하면 쭙꾹이라고 하더라구요ㅎㅎ어릴 때 모견과 일찍 떨어졌거나 불안감이 있으면 하는 아이들이 있다는데, 산책이나 다른 놀이 활동을 보호자님께서 같이 많이 해주시면 좋아질 것 같아요😊', '습관될수 있으니 못하게 해주시고많이많이 놀아주시고 시간 같이 보내두새용', '쭙쭙,꾹꾹이에요자두도 저 외출하면 불안한지 하는데 큰문제는 없어용', '29개월인 울 멈머도 쭙쭙 꾹꾹하는데 별문제 없었어요자주 세탁만 해요', '어머 첨봐요,,,원인은 모르지만 정말 귀엽네요', '우리도 졸리면 자기전에 쭙쭙이를...^^;;', '꾹꾹이요ㅠ']"
콩이가 눈물이 많아서 나우에서 로얄캐닌 하이퍼알러제닉으로 사료 변경을 생각중입니다. (눈물때문에 병원에서 상담을 했더니 수의사선생님이 추천해주셨어요)지금 하이퍼알러제닉 급여중인 집사님들께 사료 기호성과 눈물에 효과가 있는지 여쭤보고 싶어서 글 올립니다🙂,"['모든 사료중 눈물사료 알러지 사료는 없어요 사람과 똑같습니다.알러지가 없는걸 검사해서 먹이는게 최선입니다.', '알러지 검사도 생각중인데 수의사선생님이 저 사료를 한번 먹여보고 해보자고 권유해주셔서요ㅎㅎ 성견이 되고는 사료 변경이 처음이라 후기가 궁금해서 글 올려봤어요. 답변 감사합니다🙂', '네~요즘 보험 잘되있어서 꼭 ^^받아보시면 좋아요저희아이도ㅠ 무려 13종 알러지ㅠ', '헉 그렇군요ㅠㅠ 알러지 검사도 종류가 다양하던데 어떤걸로 하셨어요??', '제일 높은등급이요!!', '금액 여쭈어봐도 될까요? 보험 적용하신거죠?', '애들 마다 달라요!!!!ㅠㅠㅠㅜ알러지검사추천드려용 ㅎㅎ', '넵ㅠ 콩이두 요 사료 급여해보고도 똑같으면 바로 검사해보려구요ㅠㅠ 감사합니다🙂', '닭 알러지 심하면 가수분해여도 하이포 먹으면 일어날 수 있긴한데 잘 맞으면은 알레르기 잡을때 효과적이긴 해요.', '다행히 콩이는 닭 알러지는 없어요! 효과가 있었으면 좋겠네용ㅎㅎ 답변 너무 감사합니다🙂']"
,[]
,[]
오늘부터미션! 고고!!!하루 매일산책하기!!!! 매일 사진!올릴께여❤️,"['멋져영~~ 매일산책!', '히히 감사해여❤️', '산책은필수죠👍', '맞죠!맞죠!', '하루라도 안하면 난리나요.', '아!맞아여ㅋㅋ', '계속 낑낑대고 긁고 눈빛쏘면서 따라다녀요 ㅋㅋ', '넘 사랑스러워여❤️❤️', '역시 멍냥보감친구들은 산책을 매일하는군요!', '힛❤️']"
두번째 사진처럼 흰자에 갈색으로 변한 부분이 있는데 왜인지 아실까요...? ㅠ 스트레스 받을까봐 미용을 아직 안 시켰는데 눈가에 털이 많아서 찔려서 그런건지 아니면 그냥 염증인건지 모르겠네요 ,"['https://m.cafe.naver.com/ca-fe/web/cafes/dogpalza/articles/12573353?art=ZXh0ZXJuYWwtc2VydmljZS1uYXZlci1zZWFyY2gtY2FmZS1wcg.eyJhbGciOiJIUzI1NiIsInR5cCI6IkpXVCJ9.eyJjYWZlVHlwZSI6IkNBRkVfVVJMIiwiY2FmZVVybCI6ImRvZ3BhbHphIiwiYXJ0aWNsZUlkIjoxMjU3MzM1MywiaXNzdWVkQXQiOjE2ODgzNzUxNzA5NTJ9.y0Ms1N4FT3ZBgAWVjROE9YR9ZRnbbBzT3egJOAtOV9c&useCafeId=false&query=%EA%B0%95%EC%95%84%EC%A7%80%2B%ED%9D%B0%EC%9E%90%2B%EA%B0%88%EC%83%89검색해보니까 색소침착일 것 같아요!눈쪽털이 찔려서 변색 올 수 있다고 하네요', '감사합니다 ㅠㅠㅠ 계속 신경쓰였는데 한시름 놨어요! 병원 갈때 눈가 주변 털 정리해달라구 해야겠네요', '눈쪽 털 찔리는거면 병원에서 검사해보세요! 저희 첫째는 너무 찔러서 시력을 빨리 잃었어요ㅠ', '헉 그렇군요 ㅠㅠ', '병원 갈때마다 뽑아주고 영양제 넣어주고 했는데도 그렇더라구용 ㅠ ㅠ 아가때부터 관리해쥬시면 좋을것가타요!', '넵 그래야겠어요 조언 넘 감사해요 \U0001faf6🏻']"
저희아가 6차까지 예방접종완료했구여귀땜에 오늘 병원가서 귓털뽑구 귀청소도 하고왔는데요수의사쌤께서 맛있는거 주지말라고하시는데개껌은 괜찮지않을까싶어서요치석제거되는 개껌이랑 저희아가 피부가 지성인데사료도 추천부탁드려요,"['좀 비싸긴한데, 허니콤츄 이빨에 무리도 안가고 기호성도 좋아요!', '좀 급하게 먹으면 그리니즈랑 릴라러브스잇이 좋고, 꼭꼭 씹어 먹는 편이면 윔지스요. 윔지스는 근데 소화력 딸리면 토하는 애들 많아요🥲', '허니콤츄 진짜 괜찮아요~!!', '맛있는거 주지말란 말씀은 간식을 말하는 것일텐데귀염증이 알러지때문에 생긴거일수도 있어서 그러신 것 같아요다 낫기전까진 덴탈껌도 안주시는게 좋을 것 같아요알러지원이 어디서 시작된건지 알 수 없으니깐요ㅜ', '좀 비싸긴한데 수피  좋아요! 천연 안전성분이구요.', '수피요?네버에 뭐라고검색해야될까요?', '앗  수파 에욥! soopa 덴탈껌이욥.영국에서왔어요.', '덴탈 브래드 미니 를 주는데 가격도 저렴하고 치석은 우리 아이가 6개월이라서 아직 없는데 광고에는 치석에도 좋다고 했어요 아무튼 잘 먹고 입냄새가 나지 않아 좋아요~^^', '저희아가는5개월이라서 아직 치석은 없는데여.치석제거껌 알아보고있어요', '덴탈 브래드 미니 는 괜찮은것 같아 지금은 이것으로 주고 있어요 음식과 간식 먹으면 입냄새 나는데 이건 덴탈성분이 들어가서 입냄새가 않나서 좋아요~']"
폼피츠 와 믹스견 이렇게 2마리키우고있어여더울까봐 7시이전에 나긴서 산책하는데갑자기 동시에막 아스팔트를 핥고 풀이며 잡초 이런걸 막 뜯어먹더라고요둘다 똑같이 거품토같은거 1번씩했구요병원데리고갔더니 둘다 약간 열높고 배에서 소리가많이난다사람으로치면 더워랑 멀미증상같다속진정되는 주사맞고와서 집와서 굶기라는데너무 여기저기 계속 핥아서 죽급여했어요 유산균이랑좀잠잠해지는것같더니 다시 소파며 여기저기 핥고갑자기 벽지를 뜯고ㅠㅠ토할듯 헛구역질만해요2마리다 아침산책시 주변아파트 공원 돌고왔는데갑자기 그러네요어쩌죠?ㅠ,"['개들은 속이 안좋으면 일부러 토해내려고 이물질을 먹는 경우가 있어요 그래서 수의사님이 굶기라고 하신게 속이 편해져야 그 행동이 줄어드니깐 그러신거예요~ 좀 심하게 더위를 먹었나보네요ㅠㅠ 최대한 시원한 환경을 만들고 그나마 시원한 저녁시간에 산책을 하거나 야외배변이면 짧게 자주 나가는게 좋을 듯 하네요~ 사람도 힘든 여름 강쥐들이 잘 이겨내서 가을에는 건강한 모습으로 웃음이 가득하길 바래요~', '좋은 댓글 감사합니다. 지금 회산데 벽지 다뜯고 난리도 아니네요ㅠ 더위먹을까봐 저녁도 바닥이 뜨거워서 일부러 아침 산책으로 바꾼건데ㅠ 더일찍나가야겠어여']"
외출할때 캠으로보면 배변패드 위에서 자요 집나두고보름있으면 3달 강아지인데 어케해야하나요현관문이랑 가까워서 구런건가요??,"['펫샵에서 데려온건가요?! 저희 강아지두 자주 그래요 ㅠㅠ', '펫샵이나 켄넬 같은 곳에 갇혀서 지내던 아기들은 패드위에서 자는게 습관 되어있더라구요ㅠㅜㅠㅠ', '얇은 담요 깔아주고 그 위에 밥그릇 놔두면 거기서 잘 자던데 한번 해보세요!', '담요랑 배변패드랑 좀 거리두고..?', '펫샵…펫샵은 좁은공간에 배변패드 하나두면공간이 꽉차고 잘곳도 마땅히 없다보니패드에서 자다가 습관된것 같습니다ㅠ', '저희도 글애여 근데 집큰데로 옮겨주고 패드도 다른곳에 옮기니까 자연적으로잠은 집으로 들어가드라고여', '애기때는 더그런거같아요. 방석잇어도 배변패드위에서 자다가 크니까 잘안올라가네요. ~ 애기때 하도 올라가서자길래 배변판도 썼엇눈데 똑같았어요~ 하우스훈련 자주시켜주세여!', '패드올라갈때 칭찬해주면서 간식주신적 있지않나요? 그러면 패드위에서 잔다던데']"
"4개월 됐고요. 주사 맞기 전에도 코산책은 자주 했고, 4차까지 맞은 후로는 매일 산책하고 있어요.물론 주사를 다 맞은게 아니기 때문에 다른 강아지와 못 마주치게는 하고 있는데요.제가 막기 전부터 쫄아서 뒤에 숨어버리네요ㅠ원래 이맘때 이러나요? ","['아직어려서그럴꺼에요멀리서멈머친구들지나가는거자꾸보다보면덜해질꺼에요😁', '그냥 성격입니다. 근데 강아지는 사람과 강아지는 구분한대요. 강아지는 서열이 있거나 같이 놀 수 있는 같은 종으로 인식하는 반면, 사람은 경계나 경쟁에 대상이 아닌 npc정도로 인식한다고 합니다. (학대받은 아이들은 다르겠지만..ㅠㅠ)', '어릴땐 모든게 낮설어서 그럴수도 있어요ᆢ 그래도 매너좋은 애들로 자주만나다보면 좋아질꺼에요', '어릴때 매너좋은 얌전한 애들이랑만 확인하고 인사시켜주세요. 크림이 어릴때는 강아지 무서워하지 않았는데 공격적인 아이랑(주인이 얌전하다고 하길래 인사시켰더니 갑자기 물려고 공격하더라구요) 잘못 인사한번 한후로 지금까지 트라우마 생겨서 강아지를 싫어하고 도망다녀요. ㅠㅠ', '보리도 똑같아요. (강아지 운동장에 갔는데 비글이 있어서 주인한테 작은강아지 내려놔도 괜찮냐구 물어봤어요. 괜찮다고 구래서 내려놨더니 갑자기 달려들고 몸통박치기 해서 날라갔어요. 진짜 자기 강아지 성격 잘 모르는 주인 많아요...) 예민하고 소심한 아이들은 얌전하고 순한 강아지부터 천천히 만나야 강아지를 안싫어해요. 보리는 소심한 아이라 저일 있고나서 강아지운동장 진짜 싫어하고 다른강아지 오면 겁먹어서 숨어요.', '맞아요. 다들 자기강아지 순하다고 하는데 절대 아니더라구요. 얌전하고 순한 강아지 만나기가 너무 어려워요. 우리 크림이도 소심하고 겁많아서 그후로 강아지 자체를 싫어해요 ㅠㅠ 동네에 소심한 강아지 모임이 있었으면 좋겠네요.', '성격인거같아요 2개월 지난아가 첫접종 병원갔는데 진돗개횽아한데 신나게대들더라구요ㅠ지금도 사람 보면 다신나고 좋아해서  남따라갈까봐 더걱정인데요ㅠ저는 ㅎㅎㅎ', '저희 아가들도 애기땐 모든 강아지를 비롯해서 사람과 다른 사물들까지…다 무서워서 도망다니며 산책했답니다!!하지만 산책나가서 앉아를 시키고 내 눈을 바라봐주면 간식을 주거나 흙냄새 자주 맡게 해주니 괜찮아졌어요!!아마 강아지들 성격에 따른 차이일거에요:) 걱정마셔요!!!', '멍멍이 성격인거 같아요~내향적인 강아지도 있고, 외향적인 강아지도 있고요~저희집 강아지는 애기 때부터 강아지를 너무 좋아해서 강아지 친구가 인사 안해주고 지나가면 서운해 하더라구요😅강아지를 겁내면 무리하게 인사 시키지말고 순하고 비슷한 체격의 강아지들 부터 조심스레 만나게 해야할듯 해요~강아지 친구들에 대한 좋은 기억들 부터 차곡차곡~~~', '사람처럼 각각의 성격이예요 울집아이도 낯가림이 심하고 소심해서 오히려 친구를 사귀는게 스트레스더라구요 조금 얌전한아이나 주변에 큰 관심이 없는 애들하고 오히려 잘지내요 ㅋㅋㅋ 대왕소심이라 산책도 힘들었는데 자주나가다보니 무서워하던 오토바이 자동차 사람을 살짝 무시하는단계까지 오긴했어요..ㅎ억지로 친구를 만들기보다 성향에 맞춰서 천천히 해보세요 ^^']"
아직도 사료 정착을 못해서요ㅠㅠ,"['저흰 파미나 먹이고 있어요~ 지위픽도 괜찮더라구요..!!!', '아무래도 촉촉한 사료를 잘 먹긴하더라구요ㅠㅠ라포그 소프트는 곤충 단백질이라 알러지 있는 아가들한테 좋고윌로펫, 더텐소프트도 좋았어요', '굿씨사료 추천해요 멍냥마켓에서 판매해요', '굿씨 사료 잘먹더라구요😄', '전 캐니소스랑 올바른끼니 두개혼합급여하고있어요!', '칸쵸는 굿씨사료먹이고 있어요', '저희 애기는 더마독 사료먹어요!', '저는 네츄럴프로세스 소프트키블 치킨맛먹여요!', '보담이는 보나시보 램앤라이스먹여용', '순수!']"
"내츄럴랩 6제로 양고기 사료 급여하고 있어요.이 사료 기준 6키로는 132g을 먹어야하는데 저희 강아지는 매끼 20g씩 하루 네번, 총 80g 먹이고있습니다.매일 간식을 조금 주기때문에 권장량 보단 적게 먹여야하지만 이렇게 적게 먹여도되나싶어서 여쭤봅니다.간식은 가끔 계란 반쪽, 손톱 크기의 트릿 5개정도만 주고있어요.응아는 하루 서너번정도 정상적인 응아 중이예요","['강아지마다 사료적정량이 달라서 꼭 나와있는 양대로 먹일필요는 없어요. 똥이 딱딱하거나 질지 않고 바닥에 묻어나지 않은 적당히 말랑한 정도면 사료양도 적당한 거에요. 사료양을 좀더 늘려주고 싶다면 조금씩 늘려주시면서 똥이 질어지는지 보시고 질어지면 그거보다 조금 덜주시면서 조절하시면 되요. 너무 많이먹으면 살이찌지만 너무 적게 먹으면 영양분이 부족할수도 있긴 해서 살찌지 않으면서 적당한 사료양을 찾아내는게 필요할것 같아요.', '고맙습니다~사료봉지에 적힌대로 주니까 엄청 무른 똥을 싸서 점점 적게 주니까 20g까지 내려와서 걱정되서요. 병원에서 살도 빼라고 해서 당분간 이렇게 줘야겠어요 ㅎㅎ', '원래 적힌대로 주면 살쪄요. 다른 간식도 주고 개껌도 주고 하면 칼로리가 넘치게 되서요. 병원에서 살빼라고 했다면, 지금처럼 유지해보고 한달후에 몸무게 보시고 더 줄일지 늘릴지 정하셔도 될것 같아요.', '네~ 알겠습니다😊', '저도 네추럴랩 먹이고있는데 요사료가 기존사료에비해 권장량이 많더라구요? 근데 저희아이들은 많이주면 꼭 원래먹던양만큼만 먹고 남겨서 그냥 적게주고있어요^^ 응아상태 괜찮으면 그대로주셔도될듯해요 살도빠졌어요 2~300그람씩요 ㅎ']"
산책 할 때 다른 강아지들이 지나가면 인사하고 싶어서 안달나요~ 그러다 가끔 허락 받고 인사시키면 냄새 잘 맡다가 갑자기 짖어요ㅠ사과만 늘어가네요ㅠㅋ그래서 이제 아예 인사를 안시키긴하는데 이 방법 밖엔 없을까요?,"['저희 집 개님은 코인사 -> 생식기 -> 똥꼬 순으로 냄새 맡는데 자기가 친구 똥꼬 냄새 맡는건 괜찮은데 똥꼬 냄새 친구가 먼저 맡으면 화들짝 놀라면서 짖어요🥲 패턴이 있는거면 모를까 이유없이 심하게 짖으면 흥분도 높은거니까 인사 안 시키는게 좋을 것 같아요', '어! 이거에요!! 인사하는 친구가 똥꼬부터 가면 놀라면서 짖어요~ 패턴이 달라서 놀라서 그런거였나봐요ㅠ 크게 몇번 짖고 말긴 하는데 다른 견주분께 죄송하더라구요~ 댓글 감사해요♡', '우리애도 그래요 흥분도가 높은 아이들은  다 그렇다 하드라구요 아무리 산책 가기전 집에서 한바퀴 돌고 산책 나가도  냅다 뛰어가고 만나는 강아지 사람 다 짖는 통에 한소리 듣죠 어제는 지나가는 할머니안테 우산으로 맞아네요 기분 나쁘고 속상하지만 어째요 그런분들도 이해해야죠', '친구들만 보면 흥분을 좀 하긴해요~ 다행인지 아닌지 지나가는 사람한테 안짖고  먼저 짖는 친구들한테도 안짖고 쌩~지나가요ㅋㅋ 강약약강의 느낌? 본능인거지만 자제시켜봐야겠어요ㅠ 댓 감사해요♡', '자긴 똥꼬 냄새 실컷 맡아놓고 똥꼬 내주기 싫어하는 아이들이 있긴 하더라고요. 자기 정보 쉽게 넘겨줄 순 없다는 일종의 기싸움 같은 거라고 들은 기억이...🙄 흥분도가 높아질 수 있으니 그런 경우엔 바로 대면하게 하지 말고 시간들여서 행동이 느긋해질 때까지 기다렸다 접근하게 하고 줄 당기고 있는 상태로 점점 가까워지게 하지 말라고 하더라고요. 시간과 여유가 필요한 타입인 것 같아요.', '맞아요~저도 영상 이것저것 찾아봤는데 그런 내용이 있더라구요~자주 만나는 친구를 만들고 싶은데 쉽지않네요😅  댓 감사해요♡', '좋아서 가려고 하는게 아니라 경계심이 생겨서 어떤 놈인지 확인하려고 가고 싶어하는 거예요. 확인하고 나서 적이라고 인식하면 짖는거고, 상대가 나를 확인하는 건 또 싫고. 그래서 인사 안 시키는게 좋아요. 보호자가 다 알아서 하니까 넌 나서지마~ 를 알려줘야 해요.', '네~그래서 가만히 있는 노견한테는 안짖는거 같아요~그냥 인사 안시키고 지나가는게 가장 좋은 방법 같네요~ 댓 감사해요♡', '꼭 다가가서 냄새맡게하는것만 인사는 아니라고 하더라구요 ~ 그래서 먼발치에서 그냥 스쳐지나가는데 그것도 인사라고 했어용 ~~', '아항~요즘은 인사안시키고 있는데 다행이네요~댓 감사욤♡']"
"이중모에다 드라이기 스트레스를 너무 많이 받아서드라이룸 하나 장만하려구 하는데실용성있는 제품 찾다보니 붐ㅍ,넬ㄹ는 너무 육중해서요ㅠㅠ혹시 바두기 드라이룸이나 비슷한 제품 사용해보신 분들 후기가 궁금해요!!","['지금은넬로쓰고있는데전에요제품써봤는데마르는데시간도오래걸리고발이나배부분쪽으로잘안마르더라구요', '자리차지 많이 해도 넬로로 가는게 맞겠어요😂 감사합니다❤️', '개인적으로잘산물건이라고생각하는거중에하나에요땅콩이도스트레스덜받구요목욕이완전편해졌어요😊', '저도 드라이룸 고민중이에요', '그쵸ㅠㅠㅠ 포메아가들은 털때문에 필수인거 같아요\U0001f979', '넬로 사용 중인데 강아지가 앉아있으면 엉덩이와 다리는 잘 안말라요😭 붐펫은 아래서도 바람이 나온다던데ㅠㅠ 대표적인 드라이룸 세개 비교하는 영상 같은 거 보고 구입하세용💗', '넬로도 하반신은 조금 아쉬운 부분이 있나봐요ㅠㅠ? 비교영상은 생각도 못했네요!! 얼른 유튜브 찾아봐야겠어요😂', '저희집은 붐펫써요 드라이룸은 있는게 훨씬 편해요😄', '오늘 목욕하구 털말리면서 못해먹겠다 싶어서 주문하려구 담아뒀어요 흑흑\U0001f979 붐펫이랑 넬로중에 골라볼게요! 감사합니다❤️']"
워낙 활발하고 엄살많은 성격인데더 어릴땐 놀때만 짖더니 이제는 안되는거 블로깅하거나 밀치면땅에 엎드리거나 엉덩이만 올리고 꽤 짖어요그럴때마다 아무말안하고 가만히 그냥 서있는데 이렇게하면 되나요…?,"['4개월 말티푸 맘입니다. 저도 요몇일 매일 기싸움 중이에요. 전 블로킹하면서 한쪽으로 몰아서 기를 죽여놓는방법을 사용해요. 발로 하다가 갑자기 발을 물길래 판때기(받침 접시같은거)로 블로킹하면서 한쪽으로 몰아요. 막짓다가 어느순간 깨갱하고 멈추더라구요.', '전 빠른 교육 추천드려요ㅠㅠ 저희 강아지두 발로킹 안 먹히고 오히려 대들었는데ㅠㅠ 끝까지 가더라구요ㅠㅠㅠㅠㅠ', '최근에 교육을 통해 약간의 불편감을 줘야 한다는 걸 알았어요ㅠㅠㅎㅎ 아직 아가라 아가에게 맞는 교육 방법이 있을 거 같아 문의 해보시는 게 좋을 거 같아요! 퍼피교육 문의해보세요~', '짖으면 밀어내세요. 블로킹 해야됩니다. 반항하는 거라서.. 짖는 것도 허락 안 한다! 는 강단을 보여줘야해요.']"
지금 이갈이 중이라 온갖 나무랑 벽을 갉아먹는데양치껌은 아직 이르다는 말이 많더라고요ㅠ너무 딱딱해도 안좋다고하고.. 대부분의 제품은 6개월이상이기도 해서 어떤걸 줘야 이 가려움이 충족될지 모르겠어요ㅠㅠ,"['저는 주고 있는데- 핥다가 부들해지면 씹고 하는것 같아서 아직 치아 문제는 없었어요', '우유껌 주셔야해요딱딱해도 지가 가지고놀고 씹다가 놔두고해요그럼  버리고', '오!! 4개월 아가도 우유껌 줘도되나요?? 간식주면 사료 안먹는다해서 1년때까지는 덴탈껌도 주지말아야하나 하고있었거든요...', '아가때주셔도 되요우유껌은 향만 날뿐 사료먹는거랑 상관없어요전 2개월때부터 줬는데요지금은 우유껌은 쳐다도 안보지만 ㅋ', '완전 꿀정보였어요😭 무지한 초보라서ㅋㅋㅋ 감사합니다ㅋㅋㅋ', '대신 바닐라향 딸기향 이런거 주심안되고순수한 우유껌만주셔야해요저도 아가때 뭣모르고 애견샵에서준 황태맛나는거 줬다가 밥 안먹어 이틀정도 고생했어요~~', '오 우유껌은 어려도 괜찮나보네요!! 혹시 우유껌 추천하시는 거 있나요??', '음ᆢ저는 그냥 AFN꺼 제일 작은 사이즈급여했는데 아이가 먹는게아니고 좀 씹고 물고 노는 수준이라 하루에 끝부분 조금씩만 먹었고 하루주고 그날저녁 바로 버리고 했어요아깝다고 반잘라주시면 아이 목에 걸릴수있어요 잘먹는아이들은 ᆢ그니까 아끼지말고 한개씩 주세요 ᆢ저녁에 버리시고요가격이 저렴해요ᆢ', '이갈이할땐커피츄장난감좋아요유치빠지는데도움도되더라구요😁', '병원에선 이 부러질 수 있다고 너무 단단한건 피하라더라구요ㅠ']"
"이제 곧 4개월되는데 지금 목욕한지 이주가 지났는데 냄새가 너무 나더라고요ㅠ지금은 그냥 받은 샴푸 사용하는데냄새제거랑 피부에 좋은 샴푸나 컨디셔너,올인원 제품 있으면 추천부탁드려요!","['샴푸만 쓰는데 내개와 제품 사용중이고 순한걸로 유명해여 !!', '로이는 아이그룸 쓰고 있어요~~', '전 샤이닝펫 미스트쓰고있어요샴푸는 백모전용 쓰는데다쓰면 샤이닝펫 쓸려고 구매해놨어요그리고 그냥 샵에서 준거는 아까워서 한번 썼는데 비릿한 냄새가 나더라구요 컨디셔너는 사놨는데 생각이 안나네요지금 밖이라서이따 알려드릴께요', '미스트는 언제 어떻게 뿌려주시나용?', '털빗질할때  뿌려주시구 빗질하면 아이가 안아파하고 특히 귀뒷쪽이 잘 엉켜요귀뒷쪽은 좀 만이 뿌려서 스리커빗으로 살살 안아프게 빗어주세요엉덩이쪽도 잘엉키는 부분이니 좀 만이뿌려주시고 ᆢ지금은 아가라 슬리커빗으로만 해주셔도 되는데 좀더크니 마무리를 콤빗으로 해서 걸리는부분은 또 슬리커로 풀어주셔야해요엉키고 떡지면 털 완전 밀어야할수도 있어요', '아고 너무예쁘네요ㅎㅎㅎ저도 샴푸도바꿨지만 미스트같이사용해요^^샴푸는거품형뽀송으로바꿨는데 내개와 미스트 카렌듈라 카밍미스트써요ㅎㅎ미스트뿌리면 냄새좀참을만해져요ㅋㅋ', '향은 하이포닉 못 따라가는거 같아용➰ 물에 희석하고 거품용기에 넣어 사용하면 편해요!', '그렇잖아도 하이포닉 많이 쓰시던데 세정력이나 피부도 괜찮나요?!', '저희 멍멍이는 원래 누런색이라 !! 우선 산책후 발 씻길때 보면 땟국물 잔뜩 나와용ㅋㅋㅋㅋ 피부는 문제있던 적은 없어요~~', '저도 하이포닉 쓰고있어용 !!']"
워킹맘..12살 코카 여아를 키우고 있는데요월래 코카 귀는 나이 먹어갈수록 고질병인건 알고 있지만한 삼주전부터 귀속은 부어 있진 안는데 청소를 해줄때마다 이런 색깔이 나오는데냄새가 심한것도 아니고 근데 계속 이러네요혹시 왜 이러는건지 늦게 끝나다 보니ㅠ이걸로 야간 병원간다고하니 남편은ㅠ,"['걱정되면 가보시는게 낫죠~ 저라도 가볼거 같은데요~? 아무이상 없길♡', '저정도면 주간에 시간날때 가보는게 좋을것 같아요.진드기물린걸로도 응급실 가는걸요.', '시간내셔서 내원해보세요', '시간날때 꼭 내원해 보세요ㅠ', '다들 감사합니다ㅠ그란에도 아이도 노견이고 해서 한동안 숼려고사표 내고 인수 인계중이에요이젠 아이랑 좀더 시간을 가져야 할꺼 같아서요', '병원 가셔서 진찰 받아보는게 좋을것 같아요! ㅠ', '너무 심해요ㅠㅠㅠㅜㅠㅜ 빨리 약먹구 연고 매일 발라주세요', '눈물은 같이 안나나요??']"
"안녕하세요 4개월 지나 곧 5개월이 되는 말티푸 키우고 있습니다~! 여러 방면으로 공부 중인데 아직도 모르는게 많네요ㅜㅜ간식은 적어도 6개월 이후,, 최대한 늦게 주려고 하고 있는데 아무래도 이갈이 때문에 개껌을 줘야 하나 싶어서요하루에 우유껌? 같은거 하나 정도는 괜찮을까요? 덴탈껌도 사볼까 하는데,,우드스틱 사줬는데 관심이 없네여ㅜㅜ그리고 교육할 때 사료로는 안되서 관절 영양제 사둔게 있어서 그거 조금씩 잘라서 사용 중인데,,,간식 안주고 사료도 안될때 교육용으로 뭐가 좋을까요??","['저는 굶기고 사료로 유도 했습니다 (저녁을 안주고 사료로 놀이/훈련하면서 저녁 칼로리 먹임)우드스틱은 사료통에 넣어놓고 냄새 베면 그걸 양말로 묶어서 가지고 놀게 했어요', '전 다른 사료 샘플을 약간씩 줬어요ㅎㅎ 특히 소프트 사료는 간식처럼 먹일 수 있는 기호성 높은 사료에요!', '윗분 말씀처럼 다른 사료 샘플이나 양배추 당근 오이같이 야채 손톱만하게 작게 잘라서 교육했어요. 우유껌이 뭔지 정확히 모르겠는데 흰색 소가죽껌 말하는거면 이거 성분이 안좋을거에요.']"
어제 첫 미용하고 상처난 아기 엄마입니다ㅠ걱정해주신분들 너무 감사합니다아기 상처는 소독과 약을 잘 발라 잘 아물고 있는거같아요근데 아기가 아예 움직이질 않고..밥도 물도 안먹고요..자기 방석에서 계속 긁고 미동이 없습니다…일시적인걸까요 ㅠㅠ…?너무 걱정되서 미치겠습니다도와주세요🥹…,"['아이가 스트레스를 많이받았나바요ㅠㅠ일단은 진정할수있게 조금 놔두시는건 어떨까요? 날이 더워져서 물은 먹어주는게 좋는데 아이가있는 근처에 물에 츄르를 좀 타서 한번 먹을수 있도록 혼자만에 공간을 줘보세요 걱정이많이되시겠어요저도 속상하네요 너무 심하시면 병원가는보는것도 추천드려요 아프거나 안좋을때도 구석에 숨고 밥을안먹는경우도 있어서요ㅠㅠ', '일시적일 수 있고, 영구적으로 갈 수도 있죠,, 일단 스트레스랑 트라우마가 생겨서 그런것같은데 개바개라 밥 안 먹으면 치워버리고 간식도 주지 마셔용,,', '우리 로이도 이번 미용으로 엄청난 스트레스로 3주가량 밥,간식 다 거부하고 무기력에 혈뇨까지봤어요ㅠㅠ 몸무게 너무 많이 빠져서 병원에서 식욕촉진제까지 받아먹였어요 너무 예민 해져서 근처도 못까고 한번씩 다가올때마다 어루고 달래서 이제 컨디션좀 돌아왔네요', '아이들을 빡빡밀면 극도의 스트레스와수치심을 느낀데요명냥에도 몇번 글 올라왔었는데 ㅠ저도 위생미용해주러 샵갔다가 생닭처럼 빡빡 민 강아지가 덜덜 떨면서 다리도 제대로 못움직이더라구요 ᆢ넘 스트레스받아서방법은 없는거같고 시간이 약인듯저같으면 밥 안먹는다고 치우지안고 좋아하는 간식주고 사료에 소고기나 고구마 닭가슴살등등 섞어서 급여하면서 아이기분을 풀어줄꺼같아요', '강아지들은 너무 짧게 전신을 밀어버리면 큰 스트레스와 수치심을 느낀다고 하더라구요.. 그래서 요즘엔 배냇미용 안하거나 길이 길게해서 자르는 경우도 많아요. 배냇미용이 필수도 아니고, 아이 스트레스보다 중요한것도 아니니깐요ㅜㅜ 보호자님 강아지는 거기에 상처까지 났으니 더 큰 스트레스를 받았을거고, 그것때문에 밥도 물도 거부하는것 같아요. 진정할 수 있도록 편히 쉴 수 있게 해주시고 맛있는것도 주면서 잘 달래주세요', '스트레스 때문일텐데 넘 속상하시겠어요ㅠㅠ 금방 나올거에요ㅠㅠ💗', '스트레스가 심했나봐요.. 안정을 취하면서 나아질때까지 기다려보아요ㅠ', '스트레스 받았나봐요ㅠ 울치리도 미용샵만 갔다오면 안먹고 안놀고 잠만 자더라구요ㅠ', '저희.강아지 첫미용때 목에 상처나서 꿰메고 그트라우마로 지금 3살인데 얼굴쪽에 클리퍼만 갔다대면 난리나요 ㅜㅜ그래서 얼굴쪽은 가위로만 해주시는데도애가 넘 힘들어해요', '아프고 놀래서.그럴거에요.우리애기도 아프니까 잠도못자고 예민해있다가회복하면서.괜찮아졌어요']"
,[]
타일카페트를 거실까지만 설치했는데 물어 뜯어서 뒤집어 놓았네요  혹시 마감처리 하신분들 어떻기 했는지 공유 가능 할까요? ,[]
"이탈리안 그레이 하운드 4개월차 수컷이구요.사료랑 샴푸, 미스트 추천받으려구요!장이 좀 약한 편이구요. 최근에 엄청 긁고 핥습니다..건조한지 약간 하얗게 떠서 사람용 완전 순한건 발라줘도 된다길래 미스트같은거 사기전까지 임시방편으로 발라줬어요.가수분해되있다고해서 보나시보 치킨엔초비&라이스 거의 한달 먹여가는데요.처음에는 안 그랬는데, 장염주사랑 약먹고 나서 몸이 부었었는데 그즈음부터 긁는 증상이 생겼어요..최근에 몸이 간지러운지 너무 긁더라구요. 사타구니도 핥고 발사탕?한다그러죠? 발이랑 몸을 엄청 깨물고 긁어요ㅠㅠ사료 이것저것 엄청 찾아봤는데, 유명한 브랜드도 설사나 긁는 다는 후기 많아서 뭐 먹여야할지 넘 막막해요ㅠ 먹여보신 것 중에 괜찮았돈거 추천해주시면 정말 너무 감사드려요ㅠㅠ빨리 찾아서 바꿔주고 싶은데, 계속 찾아봐도 딱 만족스러운 사료는 없고,, 애는 긁어서 속상하고 너무 스트레스네요...","['유명한것을 먹이기보다는 아직 아가고 하니 알러지 검사를 받아보시면 어떨까요~??', '아직 아가라서 알러지검사 별로 소용없다고 하더라구요ㅠ 안 먹여본 단백질원은 결과도 안나타난다고😂', '오잉 보통 5-6개월에도 많이 해요 ㅎㅎ 심한 아이들은 애기때 하고 2년에 한번 주기로 꾸준히 하기로 하더라구요~ 지금 급여하시는 사료에 닭도 의심되는데 쌀도 포함되어있는 것 보니 그레인프리로 오리나 피쉬 사료 급여해보셔도 될거같아요 ㅎㄹ', '저도 닭이나 쌀 의심되긴 해서 식이 알러지인지 샴푸인지해서 찾아봤는데용. 사료 여러가지 안 먹여봤으면 알러지 검사해서도 안나타난다고 하더라구요ㅋㅋㅋ...ㅠㅠ 아니였나요....허러그레인프리랑 오리, 피쉬도 찾아볼게용!! 오리랑 양고기 샘플 주문해놨는데 답변 너무감사드려요!! 찾을수록 정보 과부하와서 더 고민이였거든요..하필 닭이라 사료가 한정적이긴한데..', '사료를 우선 바꿔보심...닭알러지가 제일 많더라구요...', '헉 닭알러지가 젤 많군요ㅠㅠ 답변 감사드려요! 혹시 강쥐가 먹는거 닭아니면 추천해주시면 감사합니다!', '의외로 많더라구요!생선도 있고 육류도 있구요!대신 단일원료로 되어있는걸 테스트해봐야 알러지원을 확인할수있겠죠?', '아아 춘자님꺼 얘기한거였는데ㅋㅋㅋㅋ 네네 단일원료로 찾아봐야겟어요!', '아!!^^;춘자는 다행히 알러지는 없어서 이것저것 다먹여요!그런데 입이 너무 짧고 까다로워서 아직 사료정착을 못했어요!그나마 제일 잘먹는게 동결건조사료는 잘먹더라구요', '저희 아카나 먹고 터진 눈물 나우먹고 잡았었어요~ 나우에 닭 안 들어가 있는걸로 알고있어요 한번 확인해 보시는 것도 좋울둣 해요😊이중모이긴 하지만 샴푸는 하이포닉꺼 쓰고있어요!!']"
너무 많이 핥아서 병원 가보니 그냥 생식기 털이 너무 길어서 그런거라고 하시면서 털 깎아주셨는데요오늘 보니까 옆에 뾰루지? 같은게 나있어서요 오돌토돌하고ㅠㅠ요즘 털도 좀 빠지는 것 같고 피부도 빨개져있고 귀도 많이 긁거든요 귀 피부도 빨개져있고귀청소 많이 안 해줘서 그런거라고 하셔서 매일 하고 있는데 산책 나가서도 몇 걸음 걷다가 생식기 핥고 그래요…왜 그런거죠,"['농피증 아닐까요? 울 로미도 가끔 나서 병원가니 연고 스테로이드라 자주 바름 안 좋으니 심할때 살짝 발라주고 가라앉음 네카라 해주고 소독만 해주라 하더라구요.얼른 나아라~얍!', '사진으로 봐선 심해보이진 않아요! 털이 많으면 습해질 수 있고 피부병도 생기는 경우가 있습니다! 2-3일 정도 지켜보심이 좋을 것 같네요', '그냥 넥카라 해주고 지켜보면 될까요?알러지때문일까요ㅠㅠㅠ 너무 많이 핥아요… 몇걸음 못 걸을 정도로….', '넥카라가 있으면 넥카라 해주시는게 좋을 것 같아요. 병원에서 따로 약이나 소독약을 안 주셨다면 2-3일 정도 지켜보시고 나아지지 않는다면 병원 방문이 필요해보여요. 우선 넥카라로 핥지 못하게 하시고 귀 소독 후에도 귀병이 심하거나 눈물, 피부병이 동반 된다면 알러지일 수 있습니다!!', '로션같은걸 발라주면 괜찮지안ㅎ을까요..?']"
"이제 막 4개월차 들어섰는데 한달 전부터 식분증이 있네요..ㅠㅠ응가 먹을때 무관심해라, 응가한 장소를 벗어나면 그때 치워줘라, 사료가 부족해서 먹을 수도 있으니, 사료를 소주컵 반컵씩 네번 주던걸 5-6회로 늘려도 봤고 스트레스가 많아서 그런걸까봐 터그놀이,노즈워크도 많이해주고 아직 5차 접종이 남았기에 코산책도 많이 해줬는데..ㅠㅠ 사료가 ㄹㅇㅋㄴ이라 응가도 맛있는걸까요...ㅋㅋㅋ응가를 보면 사료가 미처 소화되지 못하고 배출된 것도 있더라구요.그래서 먹는건가 싶네요..ㅠㅠ아가 식분증 겪는 분들이나 극복하신 분들 계신가요??ㅠㅠ어떻게해야 할까요?ㅠㅠ","['호분제, 똥에 식초뿌리기, 똥지키면서 밀치기, 똥 치울때 칭찬해서 행동 강화, 식사량 늘리기, 유산균 먹이기전부 소용 없었습니다, 해탈하게 됩니다 그러려니- 직장인이라 바로 못치우는 텀이 있는데 그때 이외에는 바로 치우는 것 밖에 없더라고요', '저두 직장인이라서 완전 공감이요..ㅎㅎ 퇴근해서 집에가면 응가 흔적찾기가 제일 먼저더라구요ㅎㅎ 먹었구나~하고 응가했네~ 잘했어~ 하고 포기하게되더라구요ㅋㅋ 그래, 패드에만 해도 고맙다..하고 해탈해요ㅎ', '저희 애는 사료를 안씹어먹어서 그대로 변으로 나오더라구요 변으로 그냥 나오면 사료냄새가 나서 먹는다고 해서 사료를 바꿨더니 안먹어요', '사료가 소화가 다 안되면 먹기도 한다더라구요! 혹시 무슨사료 먹는지 알려주실 수 있으실까요!?아직 이르긴하지만 사료 바꾸려고 샘플 주문하긴했는데ㅜㅜ', '원래 다 잘먹는앤데 밥이 보약으로 줬더니 냄새가 별로 안나서 그런지 안먹더라구요ㅜㅜ 그래서 요즘은 닥터독사료로 주고있어요', '밥이보약 샘플도 신청했는데 잘먹으면 갈아타야겠어요ㅎㅎ 감사합니다!! :)', '저희 애두 로얄캐닌 먹을땐 식분증 있었어요 ㅠ 그땐 아무리 빨리 치워줘도 퇴근하고 오면 먹은 흔적이 있더라구요 •• 오리젠으로 바꿔주니까 사라졌어요 고단백이라 그런지 응가 냄새가 로얄 먹읗때보다 안좋아서 그런거 같아요', '아 역시..ㅋㅋ사료계의 인스턴트네요ㅋㅋ오리젠,나우 많이 먹이시던데.. 얼른 사료부터 바꿔야겠네요😭 감사합니다!!', '6컵주면 다 먹나요? 그럼 아예 자율배식을 해보시는것도  어떨까요. 자율배식했는데도 똥먹으면 답이없는데....', '6컵까지 주면 다 먹진않아요! 냄새맡고 가고 그러긴했는데..병원에서도 소형견이라서 자율배식 권하더라구요. 그렇게 배부르게 먹였을때는 3번중에 1번정도? 먹고 안먹었던 것 같아요ㅜㅜ 설마... 안고쳐지진 않겠죠😭😭']"
4개월 말티푸 스프링 삼켰어요. 혹시 이 밥통 가지고계신분 물통 뚜껑에 있는 스프링 어떻게 생긴건지 사진좀 찍어보내 주시겠어요?혹시 끝이 날카로울까봐 걱정이에요 우선 밥엄청 먹이고 똥 기다릴건데 이따 동물병원 문열면 가볼라구요,"['이 밥그릇 쓰고 있는데 출근을 한 상태여서ㅜㅜ스프링 직경은 8mm 정도였구요 높이는 1cm 정도...일반 철사보다 가느다란 철사 재질이었고...끝에 마감처리는 기억이 안나는데 통째로 삼켰으면 어디 찔리지 않을 거 같은데, 씹어서 모양에 변형된 채로 삼켰다면 위험할 것 같아요😢애기가 몇 시에 먹었나요?X-RAY 찍으면 보일거에요~', '6시반쯤이요 지금 그냥 응급병원가고있어요 ㅠ', '보는앞에수 몇번 씹더니 통째로 삼켰어요', '네 응급병원 가는게 나을 것 같아요~삼킨지 1시간 30분째니까 아직 위장에 머무르고 있어서 구토유발제 이용해서 토해내면 괜찮을거에요😢', '답변 감사합니다 지금 응급실이에요. ㅠㅡㅠ 제발 괜찮길..', '휴.. 구토 3번째 시도에서 나왔어요. 다행히 위장에 있어서.. 아니면 내시경해서 꺼냈어야 했을수도.. 저거 조심해야겠어요! ㅜㅡㅜ', '아이고 다행이네요ㅜㅜ 강아지도 토하느라 고생 많이 했겠어요😢', '넹 ㅜㅡㅜ 잘 쉬고 약도 잘 먹네요.. 그고생을 해놓고 식욕은 여전하네요ㅎ', '식욕이 있다니 컨디션 괜찮은걸로 보이네요ㅎ 애기도 보호자님도 고생하셨어요~밀키도 그 무렵 투명한 플라스틱 볼펜 씹고 난 뾰족한 파편 방바닥에 굴러 다니는것 보고 얼마나 놀랬는지... 등골이 오싹!!조각들 모두 회수 해서 맞춰봤는데 삼키지는 않았더라구요~강아지들 나이들어 노견되면 병원 많이 갈 거라 생각했는데, 의외로 애기때부터 개춘기 시기 3개월~2살 사이에 병원에 더 가게 되더라구요...아무래도 성견되면 좀 점잖아지고 행동도 조심히 하는데 퍼피 시절에는 천방지축 예상치 못했던 사고를 많이 쳐서요ㅜㅜ밀키는 이제 막 1살 되었는데 잠복고환 개복수술에 앞다리 골절 수술, 고관절이형성증으로 고관절 수술...수술비 엄청 들어갔어요~제가 만약 애기 강아지를 키운다면 펫보험 비교해 보고 고려 해볼 것 같아요..', '네네 넘 아무거나 먹으려들어러 걱정이네요. 펫보험 생각중이에여 곧 같이 해외로 나갈거라 거기서 한번 알아봐야겠네요.  장까지 갔으면 괴사될 가능성이 있다니까 진짜 너무놀라가지고.. 신경써 주셔서 감사합니다 조심조심해야겠어요.']"
언제까지 줘야한나요 11개월인데  ,"['뭉치는 한살반인데 우드스틱 좋아해서 계속 주고있어요!', '저희 애도 한살반인데 우드스틱을 너무 좋아해서 우드스틱대신 녹각스틱으로 주고 있어요', '계속줘도되는건지. 나무먹어도되나요?', '토리는 4개월인데 XS사이즈로 사줘도 크더라구요ㅋㅋ잘 안씹혀서 그런지 아직 잠깐 깨물고 안하긴하지만..ㅎㅎ우드스틱 나무가루?는 먹어도 괜찮다고하더라구요!', '우드스틱 가루는 괜찮아여', '지가 심심할때만 찾아 먹드라고요~', '콩이는 우드스틱 경험해보지 못했는데 시도해봐야겠어요', '저희 애기도 1살인데 좋아해요', '2개다아작을 냈는데 다시 사줘야겠네요 ㅎ 감사합니다', '우드스틱 스트레스 해소나 치석제거용으로 주다가 나무부스러기 때문에 ㅠㅠ 저희는  흑염소뿔로 갈아탔어요..']"
"벌레에 물린건지, 둘째 강아지랑 놀다가 물려서 그런건지쿠션에다가 마운팅해서 쓸린 탓에 상처가 난건지 모르겠어요. 다들 도와주세여ㅠㅠ","['쓸린거같아요 ㅠㅠ 병원가서 연고 받아오시는걸 추천드려요', '연고 발라주세용~', '쓸린자국은 2~3일 정도면 금방 나아지긴 하는데 부위가 더 커지거나 그러면 병원가서 약 처방 받으세요']"
,[]
120일 된 토이푸들입니다. 강아지가 겁이 많오 약간 소심한 성격인데집에선 밥도 잘 먹고 패드에 대소변도 척 잘 쌉니다. 그런데 지인이 강아지 생긴거 보더니 눈 사이가 멀다고 강아지 다운증후군 같다고 해서 신경이 많이 쓰입니다. 증상이 있다면 무엇이고 생긴거 보고 다운증후군이라고 판단 가능한가요? 넘 맘아파요 ,"['애기강아지ㅡ넘 이쁜데요 다운증후군이라니요 강아지도 다운증후군이있나요 ;;그분은 뭘알고 그런소릴 하셨을까요 ㅠㅠ', '진짜 그런 소리 들으니 맴찢입니다 ㅠㅠ 위로 감사해요', '강아지 다운증후군 듣도보도 못했고, 제가 모르는건가 검색해봤는데 아무 정보도 안나오네요. 그 지인분은 어디서 그런 정보를 보고 오셨는지.. 그리고 눈 사이 멀다고 무조건 다운증후군이다? 말도 안되는 소리죠~ 사람의 경우엔 안면이 누가봐도 비정상적으로 기형이여야 하고, 근육에 힘도 별로 없고 잘 먹지 못하거나 숨쉬기 힘들어하거나 먹는 족족 토해버리는 증상 등을 가진게 다운증후군이에요. 아이큐도 현저히 낮고요. 골격이상도 흔하게 나타나죠. 이런 증상들로 인해 정상적인 생활도 잘 못해요.간단히 말해 성장이 늦고, 기형이 다발적으로 발생하는게 다운증후군인데 눈 사이가 멀다고 다운증후군이라고 단정짓는건 바보짓이죠. 그리고 사진상 눈 사이가 별로 멀어보이지도 않고요..밥 잘먹고 대소변 잘 가리면 설령 강아지 다운증후군이란게 존재한다해도 보호자님 강아지는 아닙니다.. 그분이 어디서 이상한 정보를 보고 오셨나보네요. 다운증후군에 대해서도 잘 모르시는것 같고요. 걱정 안하셔도 됩니다', '진짜 댓글 읽고 이제 잠 좀 자려고요. 감사합니다. 아무리 봐도 정상인데 제 새끼라서 제가 객관성있게 보지 못하는 거 같아 올려봤습니다. 진짜 감사합니다. !!!!', '네 보호자님 강아지는 누가봐도 이쁘고 정상같이 보여요ㅎㅎ 찾아보니 동물도 다운증후군과 비슷한 질환이 있긴 있는것 같은데 다운증후군은 아니고 소뇌형성부전 등의 다른 명칭을 갖고있더라구요. 안면기형같은 경우엔 사진처럼 생김새에서 너무 확실하게 차이가 나요. 걱정말고 편안한 밤 되세요~', '고맙습니다. 한 시름 놨습니다. 🙂🙂', '개도 그렇고 다른 동물들도 선천적인 장애나 일종의 기능저하가 있을 순 있어요. 예를 들어 백호 같은 경우에 근친교배 같은 유전적 요인으로 안면기형 사시 등 눈에 보이는 문제가 있는 개체가 많긴 한데 그렇다고 그걸 다운증후군이라고 표현하진 않거든요. 애초에 인간 염색체 기준으로 질환에 이름붙인 거고요... 뭣보다 단지 눈 사이가 멀어보인다고 문제가 있다고 하기엔 좀...🤔 개인적으론 아기인데다 사진상으론 비율이 이상하다 싶을 정도로 먼 느낌도 안 들어요.', '넵 ㅠㅠ 댓글 감사합니다. 괜히 눈 사이가 더 멀어보이고 그렇더라고요.', '이쁘기만 한데용?', '아직 너무 애기이기도하고 작은종이라서 더그리보이시는거아닐까요?모량이적다보니  사진에서 머리가리면 더더더 귀엽고 정상아가 같이보이는데용~~~저도 토이푸들이고 3개월때 비슷한데용?~주둥이도 조금더나오고 배냇털정리되고 하면 더더더 이뻐질거 같아요']"
오늘 애기들 중성화하고 왔는데 글쎄 둘째 놈이 넥카라를 벗어버리네요...가려운지 아픈건지 깨물고 긁을라해서..ㅜ 손가락 하나 정도 넣을때 살짝 타이트 할정도로 쪼여줬는데 숨쉬는데 괜찮을까요...? 그거 아님 어느순간 벗어버려요...,"['저희 애들 다니는 병원에선 쿠션 넥카라는 강아지용이라고 봐야한다더라구요ㅜㅜ 고양이는 얼굴도 작고, 유연해서 쿠션은 너무 잘 빼버려서 부적합하기 때문에 플라스틱 넥카라를 써야 한다고 하셨어요. 실제로 애들한테 쿠션넥카라로 해봤을때도 너무 잘 빠져서 플라스틱으로 바꿨구요. 플라스틱으로 해줄땐 손가락 타잇하게 두개 들어갈 정도로 채워주는게 좋다고 하셨어요. 넥카라를 계속 빼버리면 플라스틱도 고려해보세요ㅠㅠ 플라스틱은 병원에서도 판매하니 구하기 쉬울거에요. 사람 없는곳에서 몰래 빼서 핥기라도 하면 염증생겨 재수술하고 2달가량 넥카라 하고있어야해서 지금 빼지 못하게 하는게 정말 중요해요', '플라스틱도 빼버려요...ㅜㅠ미칩니다', '아이고.. 손가락 타이트하게 두개 들어갈 정도로 해도 빼버리나요?ㅜㅜ 그렇다면 병원에서 더 꽉 조여도 된다고는 하시더라구요', '지금 생각해보니 저희 둘째도 플라스틱 넥카라 손가락 타잇하게 두개 들어갈 정도로 채워줬는데 너무 잘 벗어버려서 병원에서 손가락 한개정도 들어가도록 조여주라고 하신것 같네요ㅜㅜ 그정도로 조여도 생활하는데 불편함은 딱히 없었던것 같아요', '감사합니다ㅜㅠ 해보겠습니다...', '쿠션형은 너무 금방 벗어버리고, 플라스틱도 빼버린다면 살짝 더 조여주셔도 되요~! 넥카라가 처음이라면 그럴수있어요ㅠㅠ 저도 그럴까봐 미리 연습시켰었거든요ㅠㅠ잘지켜봐주셔야겠어요ㅜㅜ벗지않도록..', '첫째는 꽃달고 잘 다니는데 둘째는 밥먹는것도 불편해해서 왔다갔다 하는 중이네여..', '저도 같은 모양 사용했는데 벗어버려서 병원에서해준 플라스틱으로 계속 사용했어요 혼자있을때는 필수로 해줬구요 퇴근후에는 조금풀어서 물이랑 밥주고 아침에 다시 해줬어요ㅠㅠ플라스틱은 잘 안빠지는데 조금더 조여야될것같은데요ㅠㅠ', '플라스틱은 밥먹기도 힘들어해서 꽃이랑 왔다갔다하는 중이네요..ㅠㅠ', '플라스틱은 밥이랑 물먹을때 정말힘들죠ㅜㅜㅜ화장실때도 벤토도 막 바닥에 뿌리게 되더라구요ㅠㅠ집사님 화이팅!']"
