,0
0,강남구 논현동 숯칼 도산 숯닭갈비
1,강남구 논현동 카페 베이직먼트(cafe basicment)
2,강남구 논현동 곱분이
3,강남구 논현동 깐부치킨
4,강남구 논현동 백순대본가새맛
5,강남구 논현동 레이블(Rable)
6,강남구 논현동 오르락내리락
7,강남구 논현동 고푸드코리아
8,강남구 논현동 공주빙수
9,강남구 논현동 광주식당
10,강남구 논현동 켈리 더 쿡(Kelly the cook)
11,강남구 논현동 땅땅치킨 강남논현점
12,강남구 논현동 영동 미락
13,강남구 논현동 호선생찜닭 8422 학동본점
14,강남구 논현동 생생돈까스 강남구청점
15,강남구 논현동 코끼리쌀국수
16,강남구 논현동 도미노피자 논현점
17,강남구 논현동 (주)에스에프이노베이션 스쿨푸드논현딜리버리점
18,강남구 논현동 경성밥상 논현점
19,강남구 논현동 컨트롤브이
20,강남구 논현동 칠(Chill)
21,강남구 논현동 카페 인 웨더
22,강남구 논현동 타코앤코
23,강남구 논현동 다이노 컴퍼니
24,강남구 논현동 구일삼겹
25,강남구 논현동 칙스탑 논현점
26,강남구 논현동 닭에꼬치닭&더볶이 논현점
27,강남구 논현동 SJ푸드
28,강남구 논현동 더스퀘어(The Square)
29,강남구 논현동 고향집
30,강남구 논현동 빕스 얌 딜리버리 논현점
31,강남구 논현동 장승원아트라이브
32,강남구 논현동 쿠시마사2
33,강남구 논현동 퀼 QUIL
34,강남구 논현동 페리카나치킨
35,강남구 논현동 컴앤쉽 (come N'sip)
36,강남구 논현동 장가계
37,강남구 논현동 셀프키친 논현2호점
38,강남구 논현동 부산에서한남까지낙곱새
39,강남구 논현동 혜윰
40,강남구 논현동 더스노우 논현점
41,강남구 논현동 황제애상
42,강남구 논현동 부리부리
43,강남구 논현동 바른냉면 논현점
44,강남구 논현동 진푸드
45,강남구 논현동 바벤술
46,강남구 논현동 세부링스 강남점
47,강남구 논현동 주식회사 락
48,강남구 논현동 테즈쿠리 논현점
49,강남구 논현동 대박낙지
50,강남구 논현동 에이치
51,강남구 논현동 학동부대
52,강남구 논현동 아토커피랩
53,강남구 논현동 (주)아리양
54,강남구 논현동 3단계 레드갈비찜
55,강남구 논현동 조선아구찜
56,강남구 논현동 박고볼래
57,강남구 논현동 더33
58,강남구 논현동 구구족 강남논현점
59,강남구 논현동 신사정육식당
60,강남구 논현동 (주)파파존스논현점
61,강남구 논현동 한사발포차
62,강남구 논현동 파스타스타
63,강남구 논현동 앤더슨에프앤비
64,강남구 논현동 알리바바버거
65,강남구 논현동 차이덮밥
66,강남구 논현동 브루주아
67,강남구 논현동 제이스쿠킹팸
68,강남구 논현동 피자오 논현2호점
69,강남구 논현동 메건
70,강남구 논현동 에스씨피스쿱(SCP.Scoop)
71,강남구 논현동 카펠라 양양 오너스 클럽
72,강남구 논현동 용용선생 논현점
73,강남구 논현동 강남곱창이야기 본점
74,강남구 논현동 오케이치킨&피자 논현점
75,강남구 논현동 경이로운커피 본점
76,강남구 논현동 빈호(vinho)
77,강남구 논현동 호텔빙수
78,강남구 논현동 송탄 그집 부대찌개 강남직영점
79,강남구 논현동 덮밥만드는 카레집 강남직영점
80,강남구 논현동 만만스토리
81,강남구 논현동 볶은커피
82,강남구 논현동 북촌까스 왕십리점
83,강남구 논현동 비스트로 논현
84,강남구 논현동 소제이 서울본점
85,강남구 논현동 후문
86,강남구 논현동 늘통큰감자탕
87,강남구 논현동 필립 서울
88,강남구 논현동 깐부치킨 언주역점
89,강남구 논현동 와인엔치즈지 강남점
90,강남구 논현동 유즈스토어
91,강남구 논현동 앨리스 원더라운지
92,강남구 논현동 롤리폴리꼬또 roly poly cotto
93,강남구 논현동 피헨[PEAHEN]
94,강남구 논현동 알잘딱깔센
95,강남구 논현동 포레
96,강남구 논현동 메이크 어 딜리버리
97,강남구 논현동 석이테이블
98,강남구 논현동 취중다마
99,강남구 논현동 죽이야기(강남지인점)
100,강남구 논현동 셀젠느
101,강남구 논현동 스팀피쳐
102,강남구 논현동 담미온 학동점
103,강남구 논현동 싸다김밥 학동역점
104,강남구 논현동 집밥e선생 강남점
105,강남구 논현동 도그넛
106,강남구 논현동 덮밥매니아
107,강남구 논현동 낙지꽃돈
108,강남구 논현동 인터렉트
109,강남구 논현동 라오상하이 찻집
110,강남구 논현동 키겐(kigen)
111,강남구 논현동 장생건강원
112,강남구 논현동 카스광장
113,강남구 논현동 제주달
114,강남구 논현동 명륜진사갈비 강남구청점
115,강남구 논현동 마술사 포차
116,강남구 논현동 비스트로피자 강남1호점
117,강남구 논현동 드라쏠
118,강남구 논현동 강남어시장
119,강남구 논현동 서희도시락
120,강남구 논현동 들었다 놨다 참숯불 닭갈비
121,강남구 논현동 토라레스토랑
122,강남구 논현동 세광양대창 논현점
123,강남구 논현동 와드커피 논현점
124,강남구 논현동 김가네 논현점
125,강남구 논현동 에이뿔램 논현점
126,강남구 논현동 영암집 2호점
127,강남구 논현동 장독대
128,강남구 논현동 미트맨
129,강남구 논현동 언양불고기
130,강남구 논현동 괴기스러운 식당
131,강남구 논현동 골목길
132,강남구 논현동 이태리부대찌개(강남구청점)
133,강남구 논현동 도로시파스타연정 강남점
134,강남구 논현동 쉬림프박스
135,강남구 논현동 행복한초밥 행초 논현점
136,강남구 논현동 쿠스퀘어(KOO SQUARE)
137,강남구 논현동 청량리 광주냉면
138,강남구 논현동 이자카야찬논현
139,강남구 논현동 603딜리버리본점
140,강남구 논현동 세광양대창(강남구청점)
141,강남구 논현동 진미 평양냉면
142,강남구 논현동 도도짝갈비
143,강남구 논현동 박콧털
144,강남구 논현동 김돈이
145,강남구 논현동 마구로다찌
146,강남구 논현동 무적의 돈까스 을지사거리점
147,강남구 논현동 스시 나미키
148,강남구 논현동 예삐네집
149,강남구 논현동 왕스덕
150,강남구 논현동 세자매복집
151,강남구 논현동 진진도시락
152,강남구 논현동 쿠치나파스타
153,강남구 논현동 가든스튜디오
154,강남구 논현동 엄지네집
155,강남구 논현동 진미식당
156,강남구 논현동 502 세컨즈카페
157,강남구 논현동 영동식당
158,강남구 논현동 (주)감나무집
159,강남구 논현동 평양면옥
160,강남구 논현동 생생돈까스 논현점
161,강남구 논현동 쌀똑핫도그 논현점
162,강남구 논현동 빈티지 트러블
163,강남구 논현동 청담이상 영동시장점
164,강남구 논현동 라페름(청담점)
165,강남구 논현동 1987 루프탑 라운지
166,강남구 논현동 옐로우피자 논현점
167,강남구 논현동 카츠온
168,강남구 논현동 레진카페
169,강남구 논현동 고향집
170,강남구 논현동 회식의 달인
171,강남구 논현동 가츠몽학동역점
172,강남구 논현동 우정 양곱창
173,강남구 논현동 콩뿌리콩나물국밥 강남구청점
174,강남구 논현동 테그42 청담점
175,강남구 논현동 카메스시
176,강남구 논현동 백곱식당 (강남구청역점)
177,강남구 논현동 난랑
178,강남구 논현동 우리단골집
179,강남구 논현동 플라워
180,강남구 논현동 할매숯불닭갈비
181,강남구 논현동 우생
182,강남구 논현동 수묵당
183,강남구 논현동 강남주먹고기투
184,강남구 논현동 석이테이블
185,강남구 논현동 다섯손가락
186,강남구 논현동 오브젝티브 커피 로스터스
187,강남구 논현동 디트로이트
188,강남구 논현동 슈퍼집
189,강남구 논현동 심플
190,강남구 논현동 아바이왕순대
191,강남구 논현동 지글이 돈
192,강남구 논현동 역
193,강남구 논현동 수정방
194,강남구 논현동 팔당닭발
195,강남구 논현동 한솥도시락 논현힐탑점
196,강남구 논현동 대청마루
197,강남구 논현동 서초동연가
198,강남구 논현동 향방
199,강남구 논현동 남대문황금족발
200,강남구 논현동 지천
201,강남구 논현동 (주)예
202,강남구 논현동 클럽
203,강남구 논현동 송학
204,강남구 논현동 투썸플레이스 논현역사거리점
205,강남구 논현동 청가
206,강남구 논현동 정원문어보쌈
207,강남구 논현동 아카데미
208,강남구 논현동 오시정
209,강남구 논현동 봄이든 부대찌개&두루치기
210,강남구 논현동 길동우동
211,강남구 논현동 어반
212,강남구 논현동 명가식당
213,강남구 논현동 조르바스썸
214,강남구 논현동 고향식당
215,강남구 논현동 페리테일(Ferry tail)
216,강남구 논현동 본
217,강남구 논현동 어게인
218,강남구 논현동 코너드 커피
219,강남구 논현동 우도
220,강남구 논현동 영동소금구이 논현본점
221,강남구 논현동 강남논현피자헛
222,강남구 논현동 강남고기집 신칠성집
223,강남구 논현동 본
224,강남구 논현동 반 피차이
225,강남구 논현동 황금마차
226,강남구 논현동 제주서부두식당
227,강남구 논현동 만덕식당 신사점
228,강남구 논현동 (주)리나겔러리
229,강남구 논현동 깐쵸 간장 새우
230,강남구 논현동 민속칼국수
231,강남구 논현동 매머드익스프레스 논현역점
232,강남구 논현동 논현양꼬치
233,강남구 논현동 카페이노
234,강남구 논현동 완도 1957
235,강남구 논현동 세븐빈스
236,강남구 논현동 삼정일식
237,강남구 논현동 위너스
238,강남구 논현동 동해별관
239,강남구 논현동 아나고야 1호점
240,강남구 논현동 꼼터
241,강남구 논현동 요기당
242,강남구 논현동 모토이시 도산공원점
243,강남구 논현동 더그레이스켈리(강남)
244,강남구 논현동 치킨더비 경복사거리점
245,강남구 논현동 대삼식당
246,강남구 논현동 레쟈뮤레즈
247,강남구 논현동 주식회사 안동한우원
248,강남구 논현동 M3 레드 펍
249,강남구 논현동 장미술상
250,강남구 논현동 지코바 논현점
251,강남구 논현동 아우어베이커리 싸이더스점
252,강남구 논현동 삼대족발
253,강남구 논현동 통영다찌
254,강남구 논현동 더진국 수육국밥(논현점)
255,강남구 논현동 와슈 다이닝
256,강남구 논현동 피앤투(PN2)
257,강남구 논현동 김군네 통닭집
258,강남구 논현동 노란상 소갈비 강남구청점
259,강남구 논현동 무아국수
260,강남구 논현동 왕코 등갈비
261,강남구 논현동 금보성
262,강남구 논현동 만두의 전설
263,강남구 논현동 동해종합어시장
264,강남구 논현동 예원
265,강남구 논현동 스시현
266,강남구 논현동 부산집
267,강남구 논현동 에스
268,강남구 논현동 대가
269,강남구 논현동 646 테라스
270,강남구 논현동 생선이야기
271,강남구 논현동 자금성
272,강남구 논현동 블러프
273,강남구 논현동 필
274,강남구 논현동 리미지
275,강남구 논현동 부엉이 식당
276,강남구 논현동 청국장전문점
277,강남구 논현동 자매식당
278,강남구 논현동 저스트
279,강남구 논현동 더램
280,강남구 논현동 까미
281,강남구 논현동 논현신의주찹쌀순대
282,강남구 논현동 휴
283,강남구 논현동 달수네 소곱창
284,강남구 논현동 국민집밥 정식당
285,강남구 논현동 크래버대게나라
286,강남구 논현동 손맛 순대국
287,강남구 논현동 와도돼지
288,강남구 논현동 청계산갈비살
289,강남구 논현동 화포식당 논현점
290,강남구 논현동 곱창이야기 청담에스에이치그룹
291,강남구 논현동 겨울. 그리고 봄 2호점
292,강남구 논현동 유진양꼬치
293,강남구 논현동 홍명
294,강남구 논현동 땅코참숯구이
295,강남구 논현동 도예음
296,강남구 논현동 광부한우
297,강남구 논현동 라베르샤
298,강남구 논현동 토담김치찌개
299,강남구 논현동 케이커피앤 경성꽈배기
300,강남구 논현동 나비
301,강남구 논현동 폭풍갈비
302,강남구 논현동 화영식당
303,강남구 논현동 들꽃향기시골밥상
304,강남구 논현동 커피 휘엘(Coffee Fiel)
305,강남구 논현동 스시오사카
306,강남구 논현동 두산분식
307,강남구 논현동 탑회수산
308,강남구 논현동 그레잇이삼칠
309,강남구 논현동 더 와인(The wine)
310,강남구 논현동 수제돈가스
311,강남구 논현동 나띵베러
312,강남구 논현동 이끼
313,강남구 논현동 (주)엑스와이 소셜클럽
314,강남구 논현동 예담
315,강남구 논현동 백미당본점
316,강남구 논현동 못된VR 논현카페
317,강남구 논현동 목포자매집
318,강남구 논현동 한남동24시뼈다귀감자탕 분점
319,강남구 논현동 과일식사 도시락
320,강남구 논현동 양식당 더램키친
321,강남구 논현동 키라라
322,강남구 논현동 마포네
323,강남구 논현동 나비
324,강남구 논현동 마장동박현규(주) 1호점
325,강남구 논현동 비어바켓 강남구청점
326,강남구 논현동 해물꽃돈
327,강남구 논현동 사람사는고깃집 김일도 신논현점
328,강남구 논현동 만석
329,강남구 논현동 주식회사 마스터피홀딩스
330,강남구 논현동 카페 뮤(Cafe Mu)
331,강남구 논현동 허가 참치
332,강남구 논현동 엘에이양분식
333,강남구 논현동 스쿨스토어
334,강남구 논현동 어미향
335,강남구 논현동 부대찌개매니아 돈돌
336,강남구 논현동 (주)아가페하우스
337,강남구 논현동 이야기가있는나무
338,강남구 논현동 한솥도시락 논현초등학교옆점
339,강남구 논현동 보틀그린
340,강남구 논현동 밤선비
341,강남구 논현동 셀럽 앤 어?
342,강남구 논현동 페리카나
343,강남구 논현동 진미 평양냉면
344,강남구 논현동 장성생태전문점
345,강남구 논현동 버크셔 & 듀록
346,강남구 논현동 스테이
347,강남구 논현동 호세야 오리 바베큐
348,강남구 논현동 코지
349,강남구 논현동 논현 조개전골
350,강남구 논현동 프로간장새우 1호점
351,강남구 논현동 양돈
352,강남구 논현동 빽돈 신논현직영점2
353,강남구 논현동 엄마냉장고
354,강남구 논현동 새벽꼬치
355,강남구 논현동 똥싸게
356,강남구 논현동 세종한우
357,강남구 논현동 행복밥상
358,강남구 논현동 임명 진오돌뼈본점
359,강남구 논현동 하연 한정식
360,강남구 논현동 위너
361,강남구 논현동 노랑통닭
362,강남구 논현동 아카라
363,강남구 논현동 삼호짱뚱이
364,강남구 논현동 얼큰이네
365,강남구 논현동 아낙 본점
366,강남구 논현동 한우당
367,강남구 논현동 라비앵 테이스트
368,강남구 논현동 싸다김밥 강남구청역점
369,강남구 논현동 취영루
370,강남구 논현동 만구기네
371,강남구 논현동 카페코너
372,강남구 논현동 강구항
373,강남구 논현동 진시황
374,강남구 논현동 덕수궁해물칼국수
375,강남구 논현동 명동칼국수
376,강남구 논현동 더벤티 강남구청역점
377,강남구 논현동 맥주창고
378,강남구 논현동 파이굽는집
379,강남구 논현동 마봉양꼬치
380,강남구 논현동 제주도흑돼지
381,강남구 논현동 한성국수
382,강남구 논현동 우제홍 참치
383,강남구 논현동 힐탑식당
384,강남구 논현동 이태리부대찌개 신사점
385,강남구 논현동 소공동뚝배기집
386,강남구 논현동 명동칼국수 샤브샤브
387,강남구 논현동 영심이네야식
388,강남구 논현동 주전자
389,강남구 논현동 베아트리체
390,강남구 논현동 해랑가정식백반
391,강남구 논현동 풍천장어
392,강남구 논현동 신선양곱창
393,강남구 논현동 응급실밥상술상&쭈상낙원
394,강남구 논현동 강남주먹고기
395,강남구 논현동 사운드웨이브커피
396,강남구 논현동 담소락
397,강남구 논현동 고흥집
398,강남구 논현동 씨벨커피 (Cbell coffee)
399,강남구 논현동 콘서트
400,강남구 논현동 에스
401,강남구 논현동 기세기
402,강남구 논현동 양평해장국
403,강남구 논현동 나고미
404,강남구 논현동 아나고야
405,강남구 논현동 플라스틱
406,강남구 논현동 개성집
407,강남구 논현동 헤라하우스
408,강남구 논현동 신비주주
409,강남구 논현동 반포식스 선정릉역점
410,강남구 논현동 섬마을이야기
411,강남구 논현동 리북집
412,강남구 논현동 강남상무초밥 강남역점
413,강남구 논현동 삼계향
414,강남구 논현동 인량
415,강남구 논현동 미야기
416,강남구 논현동 손칼국수
417,강남구 논현동 와쏘(Wasso)
418,강남구 논현동 오락
419,강남구 논현동 손국시
420,강남구 논현동 세꼬시닷컴
421,강남구 논현동 철화
422,강남구 논현동 일오공(150)
423,강남구 논현동 포 쿠치나
424,강남구 논현동 한국순대본점
425,강남구 논현동 신의주 부대찌게
426,강남구 논현동 왕꼬김
427,강남구 논현동 삼육가
428,강남구 논현동 신신양꼬치
429,강남구 논현동 송가네
430,강남구 논현동 토가라시
431,강남구 논현동 부잣집
432,강남구 논현동 영암집
433,강남구 논현동 풍
434,강남구 논현동 엄마손분식
435,강남구 논현동 중진담
436,강남구 논현동 한솥식당
437,강남구 논현동 압구정김밥
438,강남구 논현동 피자 미(PIZZA me)
439,강남구 논현동 노상치킨(신논현점)
440,강남구 논현동 서울황태
441,강남구 논현동 가미우마
442,강남구 논현동 어서옵쇼
443,강남구 논현동 휴네츠아시아북해도
444,강남구 논현동 한신포차
445,강남구 논현동 베이직피자
446,강남구 논현동 오로(oro)
447,강남구 논현동 닭발상점
448,강남구 논현동 토마토도시락 아크로힐스논현점
449,강남구 논현동 원디쉬 파스타
450,강남구 논현동 현 우동
451,강남구 논현동 (주)박정민
452,강남구 논현동 종로 닭한마리
453,강남구 논현동 만리향
454,강남구 논현동 카이수산
455,강남구 논현동 화영 참숯구이
456,강남구 논현동 거복
457,강남구 논현동 민주식당 논현점
458,강남구 논현동 렐리쉬(RELISH)
459,강남구 논현동 투데이
460,강남구 논현동 안채
461,강남구 논현동 어사출또
462,강남구 논현동 푸드스토아(food store)
463,강남구 논현동 얌얌
464,강남구 논현동 논골집 영동점
465,강남구 논현동 현대순대국
466,강남구 논현동 바라봄
467,강남구 논현동 마포숯불갈비
468,강남구 논현동 일사공이
469,강남구 논현동 비비큐 논현중앙점
470,강남구 논현동 카페컴온플러스
471,강남구 논현동 소담한 블랑제리
472,강남구 논현동 알집 고메
473,강남구 논현동 하이클라스
474,강남구 논현동 넘버텐 건
475,강남구 논현동 내아들밥상
476,강남구 논현동 문경세재
477,강남구 논현동 송씨해물별관
478,강남구 논현동 늘푸른
479,강남구 논현동 대가방 본점
480,강남구 논현동 학동집
481,강남구 논현동 입속행복 리북집
482,강남구 논현동 봉골레숲
483,강남구 논현동 가시리
484,강남구 논현동 자연담
485,강남구 논현동 가정식당
486,강남구 논현동 (주)유경서원
487,강남구 논현동 엠
488,강남구 논현동 천린
489,강남구 논현동 유쾌한접시
490,강남구 논현동 미러
491,강남구 논현동 영동민속전집
492,강남구 논현동 담소소사골순대국(강남구청역점)
493,강남구 논현동 슈퍼집
494,강남구 논현동 파티오9
495,강남구 논현동 강남골
496,강남구 논현동 MAISON 246(메종 246)
497,강남구 논현동 은주네분식
498,강남구 논현동 골목길2
499,강남구 논현동 우원돈가스
500,강남구 논현동 아구본가 첨벙 신사본점
501,강남구 논현동 나주곰탕
502,강남구 논현동 일치(IL CI)
503,강남구 논현동 투다리
504,강남구 논현동 팔꾸이
505,강남구 논현동 모노로그
506,강남구 논현동 쏭쏭문어
507,강남구 논현동 (주)달맞이
508,강남구 논현동 고부시(木蓮)
509,강남구 논현동 교촌치킨 논현1호점
510,강남구 논현동 내당한우
511,강남구 논현동 이태리부대찌개 선정릉점
512,강남구 논현동 헝그리덩키 강남구청점
513,강남구 논현동 전주식당
514,강남구 논현동 샴페인
515,강남구 논현동 초심한우 정육식당
516,강남구 논현동 김밥천국
517,강남구 논현동 새우의 진수
518,강남구 논현동 청석골식당
519,강남구 논현동 카페보니또논현1호점
520,강남구 논현동 조개사냥
521,강남구 논현동 더 바른 정육식당
522,강남구 논현동 신사면옥
523,강남구 논현동 라운지 에이(A)
524,강남구 논현동 현경본점
525,강남구 논현동 스트리트
526,강남구 논현동 옛날돈가스
527,강남구 논현동 원석이네
528,강남구 논현동 라베뉴
529,강남구 논현동 생김치오겹살
530,강남구 논현동 마시내 키친
531,강남구 논현동 봉남 부추꼬꼬
532,강남구 논현동 다이닝 늘
533,강남구 논현동 더그로브
534,강남구 논현동 김가네
535,강남구 논현동 삼촌네 고깃집
536,강남구 논현동 화로상회 강남논현점
537,강남구 논현동 굽네치킨 논현1동점
538,강남구 논현동 제주탐하리
539,강남구 논현동 체
540,강남구 논현동 포메인 강남구청역점
541,강남구 논현동 광주섬진강
542,강남구 논현동 나리
543,강남구 논현동 소설
544,강남구 논현동 옛날농장
545,강남구 논현동 라빈
546,강남구 논현동 청사포산꼼장어
547,강남구 논현동 속초명가
548,강남구 논현동 오수양푼이동태탕
549,강남구 논현동 육덕등심
550,강남구 논현동 논현돈까스
551,강남구 논현동 상류사회텍사스치킨
552,강남구 논현동 창우수산 활새우직판장
553,강남구 논현동 역전할머니 맥주 신논현점
554,강남구 논현동 카페코넌
555,강남구 논현동 바세티젤라또
556,강남구 논현동 카메라루시다
557,강남구 논현동 영동원삼겹살
558,강남구 논현동 히까리 논현점
559,강남구 논현동 매화양꼬치 논현본점
560,강남구 논현동 사랑채
561,강남구 논현동 대포집
562,강남구 논현동 난장캠프
563,강남구 논현동 수라밥상
564,강남구 논현동 팔당푸드
565,강남구 논현동 논현손국수
566,강남구 논현동 다옴
567,강남구 논현동 고 YORI
568,강남구 논현동 아리아
569,강남구 논현동 막뚱이 치킨
570,강남구 논현동 문스낵
571,강남구 논현동 바르다김선생 논현아크로힐스점
572,강남구 논현동 글로우2
573,강남구 논현동 맥주창고플러스
574,강남구 논현동 송림
575,강남구 논현동 갤러리 로얄
576,강남구 논현동 만구기네(영동시장점)
577,강남구 논현동 헬로 포(Hello Pho)
578,강남구 논현동 미소
579,강남구 논현동 노피
580,강남구 논현동 두지엠 아 라크렘
581,강남구 논현동 이모네
582,강남구 논현동 에스더청담
583,강남구 논현동 스시안
584,강남구 논현동 치킨뱅이
585,강남구 논현동 논현참족발
586,강남구 논현동 딸바요
587,강남구 논현동 (주)헤이즈코리아
588,강남구 논현동 쪼가리
589,강남구 논현동 아침가리긴밭
590,강남구 논현동 바다꽃 드새우
591,강남구 논현동 제이에이치
592,강남구 논현동 울트라멘
593,강남구 논현동 옥돌위에세꼬시
594,강남구 논현동 스토리
595,강남구 논현동 밸런스버거
596,강남구 논현동 곤지암 할매 소머리 국밥
597,강남구 논현동 논현빈대떡
598,강남구 논현동 차병원사거리포차
599,강남구 논현동 대가연
600,강남구 논현동 67소호
601,강남구 논현동 Beer2DDa(비어이따 강남점)
602,강남구 논현동 하이소사이어티 커피
603,강남구 논현동 낭풍
604,강남구 논현동 어사어 막회
605,강남구 논현동 명동칼국수
606,강남구 논현동 카페751
607,강남구 논현동 경성선술집
608,강남구 논현동 더채플 앳 청담
609,강남구 논현동 마구로 임
610,강남구 논현동 일품황소곱창
611,강남구 논현동 명진푸드
612,강남구 논현동 동남아 식당
613,강남구 논현동 김가네
614,강남구 논현동 스탠딩바
615,강남구 논현동 그날그날
616,강남구 논현동 베이지(beige)
617,강남구 논현동 아미고
618,강남구 논현동 왕선왕족발보쌈
619,강남구 논현동 겨울 그리고 봄
620,강남구 논현동 왕고모
621,강남구 논현동 순천만식당
622,강남구 논현동 청평숯불갈비
623,강남구 논현동 늘해랑
624,강남구 논현동 (주)카페쟈니브로스
625,강남구 논현동 엠엠티에이치038
626,강남구 논현동 골드 레이블 커피
627,강남구 논현동 (주)온세일육팔요
628,강남구 논현동 교동전선생 학동점
629,강남구 논현동 세타이수루
630,강남구 논현동 쭈꾸미 한상
631,강남구 논현동 접수
632,강남구 논현동 (유)아웃백스테이크하우스코리아 강남점
633,강남구 논현동 조선화로집(학동역점)
634,강남구 논현동 빅토리아
635,강남구 논현동 보용만두(논현직영점)
636,강남구 논현동 신사뻘낙지
637,강남구 논현동 이태리부대찌개 학동점
638,강남구 논현동 홍도야지
639,강남구 논현동 방일해장국
640,강남구 논현동 나린아토
641,강남구 논현동 달맞이
642,강남구 논현동 캐딜락
643,강남구 논현동 명동칼국수
644,강남구 논현동 라임
645,강남구 논현동 쉬크
646,강남구 논현동 곱창마을
647,강남구 논현동 곰스육공삼
648,강남구 논현동 에프원
649,강남구 논현동 커피니 논현2호점
650,강남구 논현동 봉쥬르 와인살롱
651,강남구 논현동 정원
652,강남구 논현동 왕빈자삼파전
653,강남구 논현동 다인맛집
654,강남구 논현동 이두부야 순두부찌개
655,강남구 논현동 아메리칸무드(american mood)
656,강남구 논현동 요시야
657,강남구 논현동 다비움
658,강남구 논현동 제이에스(JS)가든 블랙
659,강남구 논현동 투다리
660,강남구 논현동 브레이크타임 위드 캘리디자인(Breaktime with CALLEE design)
661,강남구 논현동 대삼식당
662,강남구 논현동 논현 수구레
663,강남구 논현동 보물섬
664,강남구 논현동 포인트
665,강남구 논현동 천상애 장어가
666,강남구 논현동 진미
667,강남구 논현동 만득이곱창
668,강남구 논현동 야미
669,강남구 논현동 김이순장춘
670,강남구 논현동 신의주 찹쌀순대 학동점
671,강남구 논현동 멜로디
672,강남구 논현동 강남옛날돈까스즉석떡볶이
673,강남구 논현동 동천홍 학동점
674,강남구 논현동 독집
675,강남구 논현동 엘에스글로벌푸드
676,강남구 논현동 커피 알라
677,강남구 논현동 제이에스가든(js garden)
678,강남구 논현동 디오엠 논현1
679,강남구 논현동 주래등
680,강남구 논현동 네버랜드
681,강남구 논현동 심가네칼국수
682,강남구 논현동 막내네
683,강남구 논현동 마켓오 네이처카페 압구정점
684,강남구 논현동 가든테라스
685,강남구 논현동 미스터피자 청담점
686,강남구 논현동 한옥집 김치찜
687,강남구 논현동 하루한짝
688,강남구 논현동 단지
689,강남구 논현동 오누노네
690,강남구 논현동 제니스라운지
691,강남구 논현동 소로 길
692,강남구 논현동 스텝하우스
693,강남구 논현동 지앤알(GNR)레스토랑
694,강남구 논현동 두레식당
695,강남구 논현동 임바이브(Imbibe)
696,강남구 논현동 천지궁
697,강남구 논현동 911 돼지
698,강남구 논현동 망치
699,강남구 논현동 (주)삼원가든 투뿔등심 논현본점
700,강남구 논현동 푸드2900논현씨티점
701,강남구 논현동 제이콥스 라운지(Jacob's Lounge)
702,강남구 논현동 아이피호텔휘트니스
703,강남구 논현동 로칼커피 강남구청역점
704,강남구 논현동 노포식당 논현본점
705,강남구 논현동 수천
706,강남구 논현동 이장군카레와
707,강남구 논현동 금홍짬뽕
708,강남구 논현동 카페아이엠
709,강남구 논현동 하남돼지집(학동역)
710,강남구 논현동 제이피셰프다이어리
711,강남구 논현동 푸니양강
712,강남구 논현동 윤세영 선술
713,강남구 논현동 원할머니 국수 보쌈 논현점
714,강남구 논현동 (주)아비스트 라운지
715,강남구 논현동 김밥천국 강남구청역점
716,강남구 논현동 봄
717,강남구 논현동 델마르
718,강남구 논현동 주주식당
719,강남구 논현동 아지트
720,강남구 논현동 달인포차
721,강남구 논현동 라운지많
722,강남구 논현동 영인성
723,강남구 논현동 엘리에나호텔
724,강남구 논현동 국민고기냉면연구소(논현점)
725,강남구 논현동 굄519카페
726,강남구 논현동 알펜
727,강남구 논현동 곰방대
728,강남구 논현동 쏠트마인(ssaltmine)
729,강남구 논현동 어리숙회
730,강남구 논현동 투썸플레이스 신논현역점
731,강남구 논현동 샤모니
732,강남구 논현동 투(to)
733,강남구 논현동 청담분식
734,강남구 논현동 한교방 서울면옥
735,강남구 논현동 리머커피(Lemur Coffee)
736,강남구 논현동 막둥네국시
737,강남구 논현동 댄싱홍콩
738,강남구 논현동 풍원
739,강남구 논현동 바른정육식당
740,강남구 논현동 박성희가 요리하는 집
741,강남구 논현동 문
742,강남구 논현동 봉평본가메밀촌
743,강남구 논현동 BANN JOO 79 (반주)
744,강남구 논현동 논현곱창
745,강남구 논현동 마츄피츄(MACHUFFEECHU)
746,강남구 논현동 11818 다이닝
747,강남구 논현동 미우가
748,강남구 논현동 BBQ 학동역점
749,강남구 논현동 토브
750,강남구 논현동 디히랑
751,강남구 논현동 서래 꽃 우동
752,강남구 논현동 그때그집
753,강남구 논현동 사랑방
754,강남구 논현동 빽돈(신논현 직영점)
755,강남구 논현동 팔덕식당
756,강남구 논현동 해솔
757,강남구 논현동 일일향 논현점
758,강남구 논현동 (주)에어리어51그램
759,강남구 논현동 오정삼미
760,강남구 논현동 위클리푸드
761,강남구 논현동 여삼
762,강남구 논현동 항차이
763,강남구 논현동 쿤스트할레
764,강남구 논현동 베니스
765,강남구 논현동 와이식당
766,강남구 논현동 퍼블릭 에이치(H)
767,강남구 논현동 녹턴
768,강남구 논현동 언더야드
769,강남구 논현동 손국시
770,강남구 논현동 참맛식당
771,강남구 논현동 곰식당
772,강남구 논현동 강남웨딩 출장부페
773,강남구 논현동 필스너하우스 청담점
774,강남구 논현동 다다돈까스
775,강남구 논현동 리더스
776,강남구 논현동 유다까
777,강남구 논현동 바다등푸른생선구이
778,강남구 논현동 별들의 기침
779,강남구 논현동 감동돼지 학동역점
780,강남구 논현동 낭만타코
781,강남구 논현동 은화계
782,강남구 논현동 팀엠케이(Team MK)
783,강남구 논현동 수목금토
784,강남구 논현동 정성담은 사골한돈 김치찌개
785,강남구 논현동 갓잡은 숙성한돈 돼지고기집
786,강남구 논현동 청춘닭꼬치 논현직영점
787,강남구 논현동 보마켓 논현점
788,강남구 논현동 영동실비
789,강남구 논현동 더커피체임버
790,강남구 논현동 무미유미
791,강남구 논현동 블랭킷 Blanket
792,강남구 논현동 이모네로
793,강남구 논현동 게순이네식당
794,강남구 논현동 양출쿠킹
795,강남구 논현동 남다른감자탕 강남을지병원사거리점
796,강남구 논현동 종로계림닭도리탕원조 논현점
797,강남구 논현동 김태완스시
798,강남구 논현동 유에프오키친
799,강남구 논현동 지닷몬스터
800,강남구 논현동 스토리
801,강남구 논현동 포트캔커피 논현점
802,강남구 논현동 신의주찹쌀순대 논현역점
803,강남구 논현동 파파스토리 F/D
804,강남구 논현동 엔젤스커피
805,강남구 논현동 배달삼겹 맛있으면돼지
806,강남구 논현동 양평 진뚝배기해장국
807,강남구 논현동 콩이지
808,강남구 논현동 노랑통닭
809,강남구 논현동 채미짱
810,강남구 논현동 골드레이블매직바
811,강남구 논현동 리마장82
812,강남구 논현동 (주)삼원가든 뿔사롱 논현점
813,강남구 논현동 자연임실치즈피자.부어치킨 논현점
814,강남구 논현동 영동곱창
815,강남구 논현동 달봉이치킨(논현점)
816,강남구 논현동 멜랑즈
817,강남구 논현동 라미나
818,강남구 논현동 비바비보 앤 호프
819,강남구 논현동 (주)옥스인터내셔날
820,강남구 논현동 강남쪽갈비
821,강남구 논현동 우리분식
822,강남구 논현동 우담
823,강남구 논현동 (주)입속행복 리북집
824,강남구 논현동 다복
825,강남구 논현동 남포면옥
826,강남구 논현동 그레이트디쉬
827,강남구 논현동 찌개마을시골촌
828,강남구 논현동 논현감자탕
829,강남구 논현동 양양불떡볶이
830,강남구 논현동 게방식당
831,강남구 논현동 맡김차림 리담
832,강남구 논현동 네모오징어 강남논현점
833,강남구 논현동 광주육전
834,강남구 논현동 교동한식
835,강남구 논현동 북해도목장(논현)
836,강남구 논현동 톰스피자&멕시칸치킨
837,강남구 논현동 천사곱창 논현점
838,강남구 논현동 완성식당
839,강남구 논현동 그림나베 학동역점
840,강남구 논현동 르 캬바레 도산(Le Cabaret DOSAN)
841,강남구 논현동 마이니치라멘
842,강남구 논현동 (주)루덴스바이루(Ludens by LU)
843,강남구 논현동 몽드 Monde
844,강남구 논현동 하쿠시(주)
845,강남구 논현동 히나타
846,강남구 논현동 삼삼 푸드앤드링스(33 food & Drinks)
847,강남구 논현동 선데이텐에이엠&매듭
848,강남구 논현동 블로굿(blogood)
849,강남구 논현동 파사드 인 파사드(Facade in facade)
850,강남구 논현동 쎄쎄종 by 마담비(cette saison by madamB)
851,강남구 논현동 마켓정
852,강남구 논현동 아오타
853,강남구 논현동 몬스터포
854,강남구 논현동 cafe243 (카페243)
855,강남구 논현동 김볶키친
856,강남구 논현동 목련
857,강남구 논현동 삶
858,강남구 논현동 홍대돈부리 강남구청역점
859,강남구 논현동 직화뚝배기
860,강남구 논현동 The Beatles(비틀즈)
861,강남구 논현동 생활맥주 논현영동시장점
862,강남구 논현동 와플판다
863,강남구 논현동 해거름
864,강남구 논현동 논현담설렁탕
865,강남구 논현동 모어스 일렉트로라운지 강남점
866,강남구 논현동 데쎄르 룸
867,강남구 논현동 이강인 참치도매상
868,강남구 논현동 (주)토브헤세드
869,강남구 논현동 로이푸드
870,강남구 논현동 원갈비
871,강남구 논현동 봉산평양냉면
872,강남구 논현동 또래오래 논현&대가집
873,강남구 논현동 남다른감자탕 학동사거리점
874,강남구 논현동 하루만두 강남점
875,강남구 논현동 교동짬뽕(학동역점)
876,강남구 논현동 늑대
877,강남구 논현동 통돼지네
878,강남구 논현동 히로야
879,강남구 논현동 버텍스(Vertex)
880,강남구 논현동 테이크파이브
881,강남구 논현동 논현밀밭
882,강남구 논현동 스윙부스
883,강남구 논현동 (주)모스버거코리아 익스프레스강남구청역점
884,강남구 논현동 반려문화
885,강남구 논현동 사람사는고깃집김일도(논현점)
886,강남구 논현동 LOVETT(로벳)커피
887,강남구 논현동 홀썸
888,강남구 논현동 논현닭한마리
889,강남구 논현동 Occ.
890,강남구 논현동 바리 논현점
891,강남구 논현동 오빠푸드
892,강남구 논현동 바라양푼이MJ부대찌개
893,강남구 논현동 더쿠앤×커피
894,강남구 논현동 크롬(Chrom)
895,강남구 논현동 포아당 선정릉역점
896,강남구 논현동 콰이 논현점
897,강남구 논현동 바나프레소 세관사거리점
898,강남구 논현동 스시롭다
899,강남구 논현동 맛있는하루
900,강남구 논현동 냠냠익스프레스
901,강남구 논현동 고기듬뿍 대왕비빔밥 논현점
902,강남구 논현동 우기식당
903,강남구 논현동 홍로
904,강남구 논현동 풍향
905,강남구 논현동 달아
906,강남구 논현동 쉼
907,강남구 논현동 (주)다로베
908,강남구 논현동 시즈오카 돈카츠
909,강남구 논현동 코지
910,강남구 논현동 카페 델라루즈(CAFE DELALUZ)
911,강남구 논현동 홍신애솔트 2호점
912,강남구 논현동 우기식당 육지점
913,강남구 논현동 오늘 와인한잔
914,강남구 논현동 치킨더비 학동역점
915,강남구 논현동 언주혼
916,강남구 논현동 매일쏜다 딜리버리
917,강남구 논현동 와인주막차차 강남구청역점
918,강남구 논현동 펫즈데이
919,강남구 논현동 스시레이와
920,강남구 논현동 엄마밥상
921,강남구 논현동 149 골목집
922,강남구 논현동 포크댄스
923,강남구 논현동 사랑채
924,강남구 논현동 우미각
925,강남구 논현동 신의주 찹쌀순대
926,강남구 논현동 뚜또카페
927,강남구 논현동 그리크
928,강남구 논현동 에스더블유 푸드
929,강남구 논현동 에프원
930,강남구 논현동 비노마노
931,강남구 논현동 카페원픽
932,강남구 논현동 응급실국물떡볶이 서울논현점
933,강남구 논현동 허밍(Humming)
934,강남구 논현동 프렌디 포크
935,강남구 논현동 삼백돈 돈가츠
936,강남구 논현동 (주)설맥 논현점
937,강남구 논현동 루이스카페
938,강남구 논현동 빠삐용빵 Papillon Pain
939,강남구 논현동 강화통통생고기 논현점
940,강남구 논현동 라스푸틴(Rasputin)
941,강남구 논현동 강남불백
942,강남구 논현동 한사바리 해장국
943,강남구 논현동 매불닭발
944,강남구 논현동 더 282
945,강남구 논현동 마르케
946,강남구 논현동 버터플 & 크리멀러스
947,강남구 논현동 쭈블링쭈꾸미볶음
948,강남구 논현동 닭장수후라이드 강남구청점
949,강남구 논현동 대박집
950,강남구 논현동 유에프오(UFO)
951,강남구 논현동 양꽃
952,강남구 논현동 바나프레소 을지병원사거리점
953,강남구 논현동 정푸드
954,강남구 논현동 맨하탄 델리
955,강남구 논현동 문어야
956,강남구 논현동 하자 엔터테인먼트
957,강남구 논현동 타오타이랑 논현본점
958,강남구 논현동 해물꽃소
959,강남구 논현동 비상구커피
960,강남구 논현동 고푸드 랩
961,강남구 논현동 음식제작소 AMW
962,강남구 논현동 비욘드 스페이스
963,강남구 논현동 세종한우 샤브샤브 전문점
964,강남구 논현동 봉추찜닭 강남구청역점
965,강남구 논현동 마인드
966,강남구 논현동 완탱이네
967,강남구 논현동 진전복 삼계탕 본점
968,강남구 논현동 천미향
969,강남구 논현동 옥돌식당
970,강남구 논현동 복스아메리칸피자
971,강남구 논현동 훼밀리아
972,강남구 논현동 써틴
973,강남구 논현동 다옴
974,강남구 논현동 유림상회
975,강남구 논현동 스팅
976,강남구 논현동 엄마손한식뷔페
977,강남구 논현동 팔당 충무김밥 국수
978,강남구 논현동 와우-싱싱횟집
979,강남구 논현동 멘야산다이메논현
980,강남구 논현동 빛고을
981,강남구 논현동 에비바
982,강남구 논현동 청송숯불화로구이
983,강남구 논현동 세이아
984,강남구 논현동 엠(M)
985,강남구 논현동 남서울민물장어
986,강남구 논현동 어부의 밥상 미슬토
987,강남구 논현동 김선생 조개찜
988,강남구 논현동 놀부부대찌개앤철판구이
989,강남구 논현동 김수사
990,강남구 논현동 영동칼국수
991,강남구 논현동 토마토
992,강남구 논현동 별미식당
993,강남구 논현동 88선수촌
994,강남구 논현동 유쾌한접시
995,강남구 논현동 영암집 1호점
996,강남구 논현동 소나무
997,강남구 논현동 혼술대왕(강남점)
998,강남구 논현동 류(柳)
999,강남구 논현동 한가김밥
1000,강남구 논현동 유캔두잇 강남논현점
1001,강남구 논현동 미스터마
1002,강남구 논현동 외계인 방앗간
1003,강남구 논현동 엔에스 푸드
1004,강남구 논현동 촌돼지마을2
1005,강남구 논현동 저스트카츠
1006,강남구 논현동 황소곱창
1007,강남구 논현동 카페마뮤
1008,강남구 논현동 방배김밥이 만든 라이스쉐프 강남구청역점
1009,강남구 논현동 디도(diDo)
1010,강남구 논현동 천장지구
1011,강남구 논현동 피자탑 강남1호점
1012,강남구 논현동 청년다방 강남구청역점
1013,강남구 논현동 징기스칸
1014,강남구 논현동 혼밥증권
1015,강남구 논현동 육다시구(6-9)
1016,강남구 논현동 팔각도 논현점
1017,강남구 논현동 롸버트치킨(Robert Chicken)
1018,강남구 논현동 153테이블(153Table)
1019,강남구 논현동 (주)신사 정육공방
1020,강남구 논현동 씬(ssiin)
1021,강남구 논현동 춘이네반반집 논현본점
1022,강남구 논현동 연스시
1023,강남구 논현동 엔틱정 강남논현점
1024,강남구 논현동 피비에이(PBA)브라보 캐롬클럽
1025,강남구 논현동 본죽앤비빔밥카페 논현점
1026,강남구 논현동 라이프커피(Life Coffee)
1027,강남구 논현동 김가네김밥
1028,강남구 논현동 포몬스
1029,강남구 논현동 수수한상
1030,강남구 논현동 여
1031,강남구 논현동 진대감
1032,강남구 논현동 제주섬애
1033,강남구 논현동 신 꼬추장
1034,강남구 논현동 산곰장어
1035,강남구 논현동 하남돼지집 강남구청점
1036,강남구 논현동 설수사
1037,강남구 논현동 만포식당
1038,강남구 논현동 태권브이
1039,강남구 논현동 홀리즌
1040,강남구 논현동 퍼남사이곤
1041,강남구 논현동 주방류
1042,강남구 논현동 알라프리마(Alla prima)
1043,강남구 논현동 더국물
1044,강남구 논현동 지니
1045,강남구 논현동 이층집 닭도리탕
1046,강남구 논현동 와이 스파치오(Y spazio)
1047,강남구 논현동 라무진논현점
1048,강남구 논현동 쏨(SOM)
1049,강남구 논현동 에스트릭 에잇(asterisk 8)
1050,강남구 논현동 은실이포차
1051,강남구 논현동 청담 주먹고기
1052,강남구 논현동 알펜
1053,강남구 논현동 봉브라더스
1054,강남구 논현동 청담머구리
1055,강남구 논현동 주식회사 원강
1056,강남구 논현동 배꼽집
1057,강남구 논현동 빌리지
1058,강남구 논현동 보전식당
1059,강남구 논현동 순두부와삼겹살
1060,강남구 논현동 투썸플레이스 신논현역점1
1061,강남구 논현동 대동집 서울논현점
1062,강남구 논현동 카페 루카
1063,강남구 논현동 밀라노푸드
1064,강남구 논현동 비플리끄그릴
1065,강남구 논현동 전라도맛집
1066,강남구 논현동 야한곱창(강남점)
1067,강남구 논현동 누락된업소
1068,강남구 논현동 (주)쿠시마사
1069,강남구 논현동 맛다방
1070,강남구 논현동 판타스틱 라운지
1071,강남구 논현동 카페케로
1072,강남구 논현동 돼지연구소(2호점)
1073,강남구 논현동 참새식당
1074,강남구 논현동 영동옛날통닭
1075,강남구 논현동 미스사이공
1076,강남구 논현동 슈퍼커피 강남구청점
1077,강남구 논현동 복성맛집
1078,강남구 논현동 청양칼국수
1079,강남구 논현동 이자카야나무(논현점)
1080,강남구 논현동 내수족발보쌈집
1081,강남구 논현동 투원맥주 논현점
1082,강남구 논현동 에그셀런트 논현점
1083,강남구 논현동 봄날
1084,강남구 논현동 하모니
1085,강남구 논현동 노마
1086,강남구 논현동 완스키친
1087,강남구 논현동 뽕사부
1088,강남구 논현동 블랙 앤 브라운 커피
1089,강남구 논현동 미드나이트
1090,강남구 논현동 장어의전설
1091,강남구 논현동 토담골
1092,강남구 논현동 광개토정육식당
1093,강남구 논현동 논현삼계탕.죽 강남점
1094,강남구 논현동 헤야(HEYA)
1095,강남구 논현동 막걸리 전
1096,강남구 논현동 모로미쿠시
1097,강남구 논현동 카페사이
1098,강남구 논현동 영동빈대떡
1099,강남구 논현동 포인비에트
1100,강남구 논현동 국당
1101,강남구 논현동 논현장어
1102,강남구 논현동 독도쭈꾸미
1103,강남구 논현동 디오엠 논현2
1104,강남구 논현동 주식회사 원강 2호점
1105,강남구 논현동 펀 비어킹(fun beerking)
1106,강남구 논현동 참프루
1107,강남구 논현동 음 세이로무시
1108,강남구 논현동 맘스 맘
1109,강남구 논현동 지리산흙돼지
1110,강남구 논현동 겨울바다
1111,강남구 논현동 왓탕카
1112,강남구 논현동 엠엠티에이치 036 (MMTH036)
1113,강남구 논현동 라온제나 강남
1114,강남구 논현동 강중범초밥집학동역점
1115,강남구 논현동 박실장 논현점
1116,강남구 논현동 단스시(논현점)
1117,강남구 논현동 구공일(901)
1118,강남구 논현동 마이커피(mycoffee)
1119,강남구 논현동 소풍
1120,강남구 논현동 미미
1121,강남구 논현동 이백서서갈비
1122,강남구 논현동 이풍
1123,강남구 논현동 스마일
1124,강남구 논현동 큰물참치
1125,강남구 논현동 굴뚝
1126,강남구 논현동 이대팔 쭈꾸미
1127,강남구 논현동 피자레또
1128,강남구 논현동 주)성보마리아쥬
1129,강남구 논현동 야야
1130,강남구 논현동 (주)카페일레븐
1131,강남구 논현동 돌아와요 순애씨
1132,강남구 논현동 풍산뜰
1133,강남구 논현동 바다로가자
1134,강남구 논현동 빠비뚜엡
1135,강남구 논현동 엠엠티에이치공육구(MMTH069)
1136,강남구 논현동 프라하
1137,강남구 논현동 카페네스트
1138,강남구 논현동 브롱스 논현점
1139,강남구 논현동 돼지코코
1140,강남구 논현동 모모
1141,강남구 논현동 간단포차
1142,강남구 논현동 파티오9
1143,강남구 논현동 소공동 뚝배기
1144,강남구 논현동 왕소금구이
1145,강남구 논현동 입e 편한집
1146,강남구 논현동 나고집
1147,강남구 논현동 돈까스의집
1148,강남구 논현동 레이크 인레 (Lake Inle)
1149,강남구 논현동 토말
1150,강남구 논현동 계열사 논현점
1151,강남구 논현동 나리스시 논현본점
1152,강남구 논현동 세림정
1153,강남구 논현동 카페써드
1154,강남구 논현동 논골집
1155,강남구 논현동 다왕래 장어구이(논현점)
1156,강남구 논현동 굿사마리안레시피
1157,강남구 논현동 6-5
1158,강남구 논현동 모모코
1159,강남구 논현동 밀양손만두
1160,강남구 논현동 파티풀
1161,강남구 논현동 무쇠막 김치찌게
1162,강남구 논현동 텐트리키친
1163,강남구 논현동 쿠시라쿠
1164,강남구 논현동 동막촌
1165,강남구 논현동 최전방부대찌개
1166,강남구 논현동 신사김밥
1167,강남구 논현동 오또상
1168,강남구 논현동 마요네즈 신논현점
1169,강남구 논현동 토영자갈치곰장어
1170,강남구 논현동 맛짱조개 분점
1171,강남구 논현동 앙마꼬치
1172,강남구 논현동 더 헤븐
1173,강남구 논현동 가배두림논현점
1174,강남구 논현동 전나라쭈꾸미
1175,강남구 논현동 안방
1176,강남구 논현동 221B
1177,강남구 논현동 고추장불고기
1178,강남구 논현동 김명자굴국밥
1179,강남구 논현동 마산아구찜
1180,강남구 논현동 티아라
1181,강남구 논현동 프리웨이
1182,강남구 논현동 육갑식당
1183,강남구 논현동 오하이
1184,강남구 논현동 카라
1185,강남구 논현동 노바인 헤븐(No Bar In Heaven)
1186,강남구 논현동 테이블105
1187,강남구 논현동 오비어
1188,강남구 논현동 한정식애덕
1189,강남구 논현동 이층 고깃집
1190,강남구 논현동 강남설렁탕
1191,강남구 논현동 한마리소
1192,강남구 논현동 (주)오리온마켓오압구정점
1193,강남구 논현동 진도리 닭도리탕
1194,강남구 논현동 키즈앤맘
1195,강남구 논현동 떼부짱
1196,강남구 논현동 (주)도라후구현복집
1197,강남구 논현동 고메스테이크 논현점
1198,강남구 논현동 모토
1199,강남구 논현동 강남집밥2
1200,강남구 논현동 음악살롱
1201,강남구 논현동 두모감자탕
1202,강남구 논현동 백삼십육길 육미(136길六味)
1203,강남구 논현동 한솥도시락 선정릉역점
1204,강남구 논현동 스파게티 스토리
1205,강남구 논현동 김태준의 탕탕집
1206,강남구 논현동 이장군 충무김밥
1207,강남구 논현동 봉산집
1208,강남구 논현동 논현골 흑염소
1209,강남구 논현동 클럽하우스
1210,강남구 논현동 농장사람들
1211,강남구 논현동 유장원보쌈
1212,강남구 논현동 지리산
1213,강남구 논현동 핫이슈루프탑가든(HOT EATSUE RooftopGarden)
1214,강남구 논현동 비노비스
1215,강남구 논현동 정운
1216,강남구 논현동 덤덤
1217,강남구 논현동 타츠
1218,강남구 논현동 허당맛선생
1219,강남구 논현동 공리
1220,강남구 논현동 진배족발
1221,강남구 논현동 너또오리
1222,강남구 논현동 2월22일(22 FEB)
1223,강남구 논현동 하우스
1224,강남구 논현동 촌돼지마을
1225,강남구 논현동 텐텐
1226,강남구 논현동 정가네손칼국수
1227,강남구 논현동 영동주간
1228,강남구 논현동 자연스케치
1229,강남구 논현동 기세끼 블랙
1230,강남구 논현동 바다축제
1231,강남구 논현동 퀘스천비어
1232,강남구 논현동 논현보물섬
1233,강남구 논현동 만땅스시
1234,강남구 논현동 가리비야
1235,강남구 논현동 맥스
1236,강남구 논현동 돈수백논현점
1237,강남구 논현동 부산아지매국밥 차병원사거리점
1238,강남구 논현동 청담맥주
1239,강남구 논현동 우리곱창
1240,강남구 논현동 태백식당
1241,강남구 논현동 원 디그리 노스
1242,강남구 논현동 현정숯불바베큐
1243,강남구 논현동 네모집
1244,강남구 논현동 세익스피어버케이션
1245,강남구 논현동 담담
1246,강남구 논현동 크래프트루신사
1247,강남구 논현동 (주)뉴광명수산
1248,강남구 논현동 두릉도원 북촌순두부
1249,강남구 논현동 비비드빈(VIVID BEAN)
1250,강남구 논현동 원조상석안동갈비
1251,강남구 논현동 영동민물장어
1252,강남구 논현동 롯데시네마 신사
1253,강남구 논현동 김가솜씨
1254,강남구 논현동 김봉남 포장마차
1255,강남구 논현동 청담하늘소
1256,강남구 논현동 브라운마조
1257,강남구 논현동 진도집
1258,강남구 논현동 로비
1259,강남구 논현동 맛짱조개
1260,강남구 논현동 쪼끼쪼끼
1261,강남구 논현동 해몽마포갈비
1262,강남구 논현동 모우정
1263,강남구 논현동 일언 족발
1264,강남구 논현동 김가네 학동점
1265,강남구 논현동 엄마손 참숯 생고기
1266,강남구 논현동 옛날칼국수
1267,강남구 논현동 경동관 나주곰탕나주전
1268,강남구 논현동 논현역2번출구
1269,강남구 논현동 청호
1270,강남구 논현동 육화몽 논현점
1271,강남구 논현동 미사와 타로카페
1272,강남구 논현동 돌우물
1273,강남구 논현동 얼짱분식
1274,강남구 논현동 타임머신
1275,강남구 논현동 강꼬스시
1276,강남구 논현동 본스치킨
1277,강남구 논현동 음 로바다야끼
1278,강남구 논현동 조이(Joy)
1279,강남구 논현동 핫이슈(HOT EATSUE)
1280,강남구 논현동 부엉이
1281,강남구 논현동 청담이상
1282,강남구 논현동 팔당닭발
1283,강남구 논현동 와인북카페
1284,강남구 논현동 옐로우키친
1285,강남구 논현동 오가고
1286,강남구 논현동 렛츠팟논현점
1287,강남구 논현동 왕창칼국수
1288,강남구 논현동 알로하포케 학동점(Aloha Poke)
1289,강남구 논현동 고씨네 고추장찌개(신논현점)
1290,강남구 논현동 엔237다이닝펍(N237 Dining Pub)
1291,강남구 논현동 아쏘
1292,강남구 논현동 드립 팩토리(DRIP FACTORY)
1293,강남구 논현동 유타로 논현점
1294,강남구 논현동 달링키친
1295,강남구 논현동 창신한우 정육식당
1296,강남구 논현동 배달육회 육회한가득 신사논현점
1297,강남구 논현동 최강달인춘천닭갈비.막국수
1298,강남구 논현동 코스모왕 양꼬치
1299,강남구 논현동 청기와
1300,강남구 논현동 구루메 스시
1301,강남구 논현동 미다래
1302,강남구 논현동 (주)핫시즈너 동대문엽기떡볶이
1303,강남구 논현동 호식이두마리치킨 논현1호점
1304,강남구 논현동 소풍
1305,강남구 논현동 비트윈브레드
1306,강남구 논현동 송화전
1307,강남구 논현동 미소담
1308,강남구 논현동 쉬즈리빙갤러리까페
1309,강남구 논현동 포반
1310,강남구 논현동 학동이베리코
1311,강남구 논현동 논현레드
1312,강남구 논현동 봄샘
1313,강남구 논현동 렉스 레스토랑
1314,강남구 논현동 논현갈비
1315,강남구 논현동 스트라이크존 직영 논현점
1316,강남구 논현동 탑 포차
1317,강남구 논현동 쿠시 쿠시
1318,강남구 논현동 불이아
1319,강남구 논현동 희(HEE)
1320,강남구 논현동 함지곱창
1321,강남구 논현동 헬로우치킨
1322,강남구 논현동 나비식탁
1323,강남구 논현동 (주)현해
1324,강남구 논현동 스피드박스
1325,강남구 논현동 엔237카페앤베이커리(N237 Cafe&Bakery)
1326,강남구 논현동 두어마리
1327,강남구 논현동 유정식당
1328,강남구 논현동 가츠몽 논현 아크로힐스
1329,강남구 논현동 백삼십육길 육미(136길六味)3F
1330,강남구 논현동 이제이스 모자이크(EJ's MOSAIC)
1331,강남구 논현동 스트릿츄러스 논현영동점
1332,강남구 논현동 나향반점
1333,강남구 논현동 엘오소
1334,강남구 논현동 달의왈츠
1335,강남구 논현동 장수설렁탕
1336,강남구 논현동 난봉꾼
1337,강남구 논현동 도리토리본점
1338,강남구 논현동 에이치(H)
1339,강남구 논현동 카푸치노 카페(Cappuccino cafe)
1340,강남구 논현동 술이 그린 밤
1341,강남구 논현동 가람국시
1342,강남구 논현동 천산
1343,강남구 논현동 티티엠서울(TTM SEOUL)
1344,강남구 논현동 화로
1345,강남구 논현동 비어라이제
1346,강남구 논현동 현대순대국
1347,강남구 논현동 이가네
1348,강남구 논현동 홍이네
1349,강남구 논현동 영 에프앤비(Young F B)
1350,강남구 논현동 에쓰
1351,강남구 논현동 영번지
1352,강남구 논현동 영동죽집
1353,강남구 논현동 본도시락 강남구청역점
1354,강남구 논현동 서울왕돈까스
1355,강남구 논현동 꽃뱅이
1356,강남구 논현동 이담공방
1357,강남구 논현동 깐부치킨 도산사거리점
1358,강남구 논현동 함박곱창족발
1359,강남구 논현동 한잔 더
1360,강남구 논현동 커피살롱
1361,강남구 논현동 이모가있는집
1362,강남구 논현동 송포갈비
1363,강남구 논현동 우미 호타루
1364,강남구 논현동 동천홍 논현점
1365,강남구 논현동 리즈 제빵소(LYJ Bakery)
1366,강남구 논현동 엄마백반
1367,강남구 논현동 논현생고기
1368,강남구 논현동 혼마찌
1369,강남구 논현동 최가맛뜸
1370,강남구 논현동 달보드레
1371,강남구 논현동 작은호프
1372,강남구 논현동 델리뉴스
1373,강남구 논현동 맹그르브 삼겹살
1374,강남구 논현동 자연석돌구이
1375,강남구 논현동 한우리외식산업(주)
1376,강남구 논현동 목련식당
1377,강남구 논현동 용삼계탕
1378,강남구 논현동 60년 전통 신촌 황소곱창
1379,강남구 논현동 삼미
1380,강남구 논현동 커피온리(신논현역점)
1381,강남구 논현동 한울 닭갈비
1382,강남구 논현동 고향집
1383,강남구 논현동 짱이네
1384,강남구 논현동 다모아분식
1385,강남구 논현동 삼청동 뚝배기
1386,강남구 논현동 배정철 어도
1387,강남구 논현동 서울촌놈수육국밥 신사점
1388,강남구 논현동 강남아씨죽
1389,강남구 논현동 복게장
1390,강남구 논현동 이유치킨 논현점
1391,강남구 논현동 정보인부산돼지국밥
1392,강남구 논현동 유성칼국수
1393,강남구 논현동 현정키친
1394,강남구 논현동 김천재의 육회반한연어
1395,강남구 논현동 베러디(betterd)
1396,강남구 논현동 88ground
1397,강남구 논현동 청춘양꼬치 포차
1398,강남구 논현동 카페더블링
1399,강남구 논현동 돼지가엔푸드
1400,강남구 논현동 에이미 와인하우스
1401,강남구 논현동 피자나라 치킨공주
1402,강남구 논현동 써니
1403,강남구 논현동 인더풀문
1404,강남구 논현동 상해루
1405,강남구 논현동 루퍼스
1406,강남구 논현동 쁘띠 팔레(Petit Palais)
1407,강남구 논현동 김봉남포차 영동시장점
1408,강남구 논현동 부산 아지매 국밥 신논현역점
1409,강남구 논현동 와썹
1410,강남구 논현동 고끌림
1411,강남구 논현동 버뮤다 드링크트럭
1412,강남구 논현동 갯벌의진주
1413,강남구 논현동 텐(10)뉴욕버거
1414,강남구 논현동 한성칼국수
1415,강남구 논현동 공룡닭발 논현점
1416,강남구 논현동 위징쉔
1417,강남구 논현동 화이브 앤투 버거저니
1418,강남구 논현동 153테이블 & 와인(153Table & Wine)
1419,강남구 논현동 88식당 신논현점
1420,강남구 논현동 (주)프라이빗다이닝룸
1421,강남구 논현동 스타일비건
1422,강남구 논현동 벤투스캐롬카페
1423,강남구 논현동 플레이스나인(9)
1424,강남구 논현동 더홀덤 라운지포차(The Holdem LOUNGE POCHA)
1425,강남구 논현동 수비드 수셰프 치킨
1426,강남구 논현동 마마
1427,강남구 논현동 북촌손만두 논현점
1428,강남구 논현동 왓 어바웃(What about)
1429,강남구 논현동 요녀석 강남점
1430,강남구 논현동 에이엠포차
1431,강남구 논현동 백암순대국.뼈해장국
1432,강남구 논현동 영동그집
1433,강남구 논현동 (주)세컨드유레카 선릉DV점
1434,강남구 논현동 청년피자 강남1호점
1435,강남구 논현동 엔바이콘
1436,강남구 논현동 완도1957학동사거리점
1437,강남구 논현동 일일향 골드
1438,강남구 논현동 탄
1439,강남구 논현동 깐부치킨 강남구청역3번출구점
1440,강남구 논현동 두찜 강남논현점
1441,강남구 논현동 우기식당 육지2호점
1442,강남구 논현동 시카고 커피 랩 2
1443,강남구 논현동 달달하이
1444,강남구 논현동 미월당 논현점
1445,강남구 논현동 싸다 와플
1446,강남구 논현동 키친몬
1447,강남구 논현동 신논현맛집 장남식당
1448,강남구 논현동 남도이모네
1449,강남구 논현동 보승회관 강남구청역점
1450,강남구 논현동 땡스피자 선릉점
1451,강남구 논현동 포포야
1452,강남구 논현동 메리가든
1453,강남구 논현동 무명떡볶이
1454,강남구 논현동 잭슨피자(청담점)
1455,강남구 논현동 공리
1456,강남구 논현동 화랑불닭발
1457,강남구 논현동 화랑불닭
1458,강남구 논현동 바베네
1459,강남구 논현동 그리너 논현점
1460,강남구 논현동 계륵장군
1461,강남구 논현동 놀부주방 보쌈오불장군김치찜 논현점
1462,강남구 논현동 카페 엘리에나
1463,강남구 논현동 논현집
1464,강남구 논현동 비발디
1465,강남구 논현동 꼬로(Coro)
1466,강남구 논현동 맨션
1467,강남구 논현동 육개옥
1468,강남구 논현동 푸라닭 논현점
1469,강남구 논현동 완도1957별관
1470,강남구 논현동 비비B.B
1471,강남구 논현동 언니네 집밥 1호점
1472,강남구 논현동 백암왕순대
1473,강남구 논현동 다온 바이 뱀부(DAON by Bamboo)
1474,강남구 논현동 포장마차촌 논현점
1475,강남구 논현동 와이(Y)
1476,강남구 논현동 우드베어
1477,강남구 논현동 우아한 디어
1478,강남구 논현동 무교동낙지
1479,강남구 논현동 금커피별빙수
1480,강남구 논현동 모토카레
1481,강남구 논현동 보승회관(을지병원사거리)
1482,강남구 논현동 파퓰러(popular)
1483,강남구 논현동 오늘맥주한잔
1484,강남구 논현동 보돌미역 논현 딜리버리점
1485,강남구 논현동 논현삼겹
1486,강남구 논현동 크레이지마라
1487,강남구 논현동 김밥천국 학동역점
1488,강남구 논현동 누리 초밥 참치
1489,강남구 논현동 맥아박스
1490,강남구 논현동 라운지비큐
1491,강남구 논현동 미가한우. 치킨처럼
1492,강남구 논현동 논현194
1493,강남구 논현동 푸드조각
1494,강남구 논현동 616
1495,강남구 논현동 비   피아노
1496,강남구 논현동 씨앤에프
1497,강남구 논현동 팔공일
1498,강남구 논현동 몬스터비
1499,강남구 논현동 오르꾸숑
1500,강남구 논현동 카이스파
1501,강남구 논현동 피크베크
1502,강남구 논현동 원조소금구이
1503,강남구 논현동 유로포차
1504,강남구 논현동 카츠반
1505,강남구 논현동 배떡 논현점
1506,강남구 논현동 빌리언스 라운지(Billions lounge)
1507,강남구 논현동 언니네
1508,강남구 논현동 배달삼겹 맛있으면 돼지
1509,강남구 논현동 호별관
1510,강남구 논현동 반포식스 논현점
1511,강남구 논현동 해월
1512,강남구 논현동 착한 덮밥
1513,강남구 논현동 날날리 신선육회 연어
1514,강남구 논현동 상황버섯 약수삼계탕
1515,강남구 논현동 묵호일식
1516,강남구 논현동 부자떡볶이
1517,강남구 논현동 만요
1518,강남구 논현동 드럼
1519,강남구 논현동 본죽앤비빔밥강남구청역점
1520,강남구 논현동 카페부마(Cafe Puma)
1521,강남구 논현동 에이엔아더(A.N.OTHER)
1522,강남구 논현동 헬로포크
1523,강남구 논현동 밥달나무
1524,강남구 논현동 죽도령
1525,강남구 논현동 일마또네
1526,강남구 논현동 아라
1527,강남구 논현동 노가리슈퍼
1528,강남구 논현동 빅스타 강남1호점
1529,강남구 논현동 윈
1530,강남구 논현동 신논현
1531,강남구 논현동 돈먹고 돈내고
1532,강남구 논현동 육칠팔 딜리버리
1533,강남구 논현동 퀸스델리
1534,강남구 논현동 라푼젤
1535,강남구 논현동 죤슨앤바오
1536,강남구 논현동 도시와자연
1537,강남구 논현동 가나돈가스
1538,강남구 논현동 마피아떡볶이 논현점
1539,강남구 논현동 (주)커피빈코리아 선정릉역점
1540,강남구 논현동 도깨비 아지트
1541,강남구 논현동 기대만족 강남본점
1542,강남구 논현동 푸드코트101
1543,강남구 논현동 엄마밥상
1544,강남구 논현동 붕가
1545,강남구 논현동 찹스토리
1546,강남구 논현동 순딜리버리 17호점
1547,강남구 논현동 순딜리버리 7호점
1548,강남구 논현동 순딜리버리 16호점
1549,강남구 논현동 순딜리버리 10호점
1550,강남구 논현동 순딜리버리 11호점
1551,강남구 논현동 순딜리버리 12호점
1552,강남구 논현동 순딜리버리 14호점
1553,강남구 논현동 순딜리버리 6호점
1554,강남구 논현동 순딜리버리 15호점
1555,강남구 논현동 순딜리버리 13호점
1556,강남구 논현동 순딜리버리 8호점
1557,강남구 논현동 순딜리버리 1호점
1558,강남구 논현동 순딜리버리 9호점
1559,강남구 논현동 순딜리버리 2호점
1560,강남구 논현동 순딜리버리 3호점
1561,강남구 논현동 순딜리버리 4호점
1562,강남구 논현동 순딜리버리 5호점
1563,강남구 논현동 마론2
1564,강남구 논현동 롤리폴리 꼬또(Roly Poly Cotto)
1565,강남구 논현동 인생김치찌개(논현점)
1566,강남구 논현동 학동나주곰탕
1567,강남구 논현동 카바동
1568,강남구 논현동 화다인
1569,강남구 논현동 고래잡아먹은낙지
1570,강남구 논현동 이자카야 소영
1571,강남구 논현동 엠(M)
1572,강남구 논현동 갤럭시 펍
1573,강남구 논현동 라이브볼 키친
1574,강남구 논현동 게브라더스
1575,강남구 논현동 번트(Burnt)265
1576,강남구 논현동 사라네순대국
1577,강남구 논현동 영남식육식당
1578,강남구 논현동 누아르
1579,강남구 논현동 이더웨이
1580,강남구 논현동 판치야
1581,강남구 논현동 다빈치 강남구청점
1582,강남구 논현동 비크 이뮈르달
1583,강남구 논현동 북촌순대
1584,강남구 논현동 미랑이랑
1585,강남구 논현동 엔유
1586,강남구 논현동 참달달한포차
1587,강남구 논현동 선창스시
1588,강남구 논현동 카페(cafe)781
1589,강남구 논현동 한신우동
1590,강남구 논현동 헤이로
1591,강남구 논현동 라벤더
1592,강남구 논현동 그린레시피
1593,강남구 논현동 킹콩부대찌개 논현아이파크점
1594,강남구 논현동 곰다방
1595,강남구 논현동 리움
1596,강남구 논현동 세이브포인트
1597,강남구 논현동 맛앤멋
1598,강남구 논현동 1998
1599,강남구 논현동 돈슐랭
1600,강남구 논현동 시오(SIIO)
1601,강남구 논현동 카페(cafe)1257
1602,강남구 논현동 연어요리연구소 서울본점
1603,강남구 논현동 맘스터치논현아이파크점
1604,강남구 논현동 정육점아저씨의 투잡
1605,강남구 논현동 제국한우짝갈비
1606,강남구 논현동 바나프레소 학동역점
1607,강남구 논현동 동백섬 송씨해물점
1608,강남구 논현동 품앗이
1609,강남구 논현동 토마토
1610,강남구 논현동 간판없는 김치찌개 강남직영점
1611,강남구 논현동 송파만두 강남점
1612,강남구 논현동 덮밥파는 덮밥집 학동점
1613,강남구 논현동 유한회사 진명시스템
1614,강남구 논현동 대도숯불갈비덮밥
1615,강남구 논현동 브이오디 스위트(VOD SUITE)
1616,강남구 논현동 초월관
1617,강남구 논현동 샐러드 앳 프레임(Salad @ FRAME)
1618,강남구 논현동 바 페르갈 bar fergal
1619,강남구 논현동 주식회사 이일이공구
1620,강남구 논현동 달잔
1621,강남구 논현동 코코여성사우나
1622,강남구 논현동 미드MID
1623,강남구 논현동 착한부자F&B
1624,강남구 논현동 그린(GRiN)
1625,강남구 논현동 발렌티
1626,강남구 논현동 3일한우국밥 논현직영점
1627,강남구 논현동 형수곱창
1628,강남구 논현동 강아지똥
1629,강남구 논현동 인정국물떡볶이
1630,강남구 논현동 논현빈대떡
1631,강남구 논현동 비노쿠스 테이블
1632,강남구 논현동 핏 카페
1633,강남구 논현동 신전떡볶이 강남논현점
1634,강남구 논현동 영동포차
1635,강남구 논현동 데이즈
1636,강남구 논현동 헌터스 홀덤펍 신논현
1637,강남구 논현동 해목
1638,강남구 논현동 리슐랭
1639,강남구 논현동 잘차림도시락
1640,강남구 논현동 고메키친 논현점
1641,강남구 논현동 빙수 부티크 본점
1642,강남구 논현동 브라운돈까스 강남논현아이파크점
1643,강남구 논현동 드렁캔
1644,강남구 논현동 호랑이돈까스
1645,강남구 논현동 갈현동할머니떡볶이
1646,강남구 논현동 제이림 논현점
1647,강남구 논현동 에슬로우 도산대로점
1648,강남구 논현동 연탄구이
1649,강남구 논현동 프레드피자 강남점
1650,강남구 논현동 시카고 커피 랩
1651,강남구 논현동 케이에프씨 학동역점
1652,강남구 논현동 더플레이트
1653,강남구 논현동 브루 강남구청역 1호
1654,강남구 논현동 비비드(VIVID)
1655,강남구 논현동 베러댄스윗(Better Than Sweet)
1656,강남구 논현동 지알(GR) 해마루 도시락
1657,강남구 논현동 짐키친
1658,강남구 논현동 고소미부엌 본점
1659,강남구 논현동 에이라운지
1660,강남구 논현동 심푸드
1661,강남구 논현동 카페 드 나인플렉스(CAFE DE NINEPLEX)
1662,강남구 논현동 킹박스
1663,강남구 논현동 삼청골명가 The 수제비
1664,강남구 논현동 레몬그라스 타이
1665,강남구 논현동 신차우
1666,강남구 논현동 꽃삼살롱
1667,강남구 논현동 학동김치찜
1668,강남구 논현동 무교동유정낙지본점 논현배달점
1669,강남구 논현동 알촌 논현직영점
1670,강남구 논현동 타타타
1671,강남구 논현동 해머스미스커피 학동역점
1672,강남구 논현동 딜리버리 키친
1673,강남구 논현동 낭만식당
1674,강남구 논현동 돈기부여 강남점
1675,강남구 논현동 대게만찬
1676,강남구 논현동 한식 1번가
1677,강남구 논현동 영희네포차
1678,강남구 논현동 도산뚝배기
1679,강남구 논현동 김씨마구로
1680,강남구 논현동 커피프리덤
1681,강남구 논현동 짬뽕지존 강남구청점
1682,강남구 논현동 빙츄르
1683,강남구 논현동 안다미로
1684,강남구 논현동 투페어24
1685,강남구 논현동 한상갈비찜
1686,강남구 논현동 유로코피자 강남1호점
1687,강남구 논현동 후레쉬박스
1688,강남구 논현동 착한부자 다이어트 도시락
1689,강남구 논현동 외가집
1690,강남구 논현동 제레미도산
1691,강남구 논현동 푸드코트
1692,강남구 논현동 비스트로누
1693,강남구 논현동 푸라벨(Food-life balance)
1694,강남구 논현동 한양김밥 논현곱창
1695,강남구 논현동 길동우동 신사
1696,강남구 논현동 천호용궁알탕 강남서초점
1697,강남구 논현동 모들국수와 전
1698,강남구 논현동 터치쿡이모야두마리찜닭달려라짬뽕
1699,강남구 논현동 선미
1700,강남구 논현동 눈치까스
1701,강남구 논현동 한식밥상
1702,강남구 논현동 원&승
1703,강남구 논현동 시키고 논현점
1704,강남구 논현동 물고기자리
1705,강남구 논현동 게슐랭
1706,강남구 논현동 청춘찜갈비
1707,강남구 논현동 60계치킨 논현점
1708,강남구 논현동 팔공키친
1709,강남구 논현동 우낀집
1710,강남구 논현동 (주)핫토리 동대문엽기떡볶이 강남구청역점
1711,강남구 논현동 죽프렌즈 본점
1712,강남구 논현동 컨벤션헤리츠
1713,강남구 논현동 플렉스
1714,강남구 논현동 (주)스윗밸런스 강남구청역점
1715,강남구 논현동 말랑(mallang)
1716,강남구 논현동 먹어도 돼지
1717,강남구 논현동 호루몬 규상
1718,강남구 논현동 굿데이(Good day)
1719,강남구 논현동 보하라 학동점
1720,강남구 논현동 삼시세끼 셰프반찬
1721,강남구 논현동 도로시
1722,강남구 논현동 마이 미에뜨
1723,강남구 논현동 바른보쌈 1990 논현점
1724,강남구 논현동 강씨가문의 족발
1725,강남구 논현동 1989 in 발리
1726,강남구 논현동 헤비스모커
1727,강남구 논현동 제이스21
1728,강남구 논현동 황다방
1729,강남구 논현동 갤럭시
1730,강남구 논현동 노들강
1731,강남구 논현동 빨간떡볶이
1732,강남구 논현동 인생맛찜
1733,강남구 논현동 모멘트
1734,강남구 논현동 샐러브리티
1735,강남구 논현동 경몽루
1736,강남구 논현동 티스파
1737,강남구 논현동 삼첩분식 서울논현점
1738,강남구 논현동 잇다방
1739,강남구 논현동 비비큐(BBQ)
1740,강남구 논현동 육회와 연어
1741,강남구 논현동 에스트레인
1742,강남구 논현동 갤러리
1743,강남구 논현동 윌로우(willow)
1744,강남구 논현동 비(B)
1745,강남구 논현동 헤이615(hei615)
1746,강남구 논현동 정결식당
1747,강남구 논현동 부부불이 동대문닭한마리
1748,강남구 논현동 굽네치킨 학동사거리점
1749,강남구 논현동 백제한방삼계탕
1750,강남구 논현동 에그랑 토핑이랑
1751,강남구 논현동 지선이 주방
1752,강남구 논현동 비빔명가 쿨한냉면
1753,강남구 논현동 조선 국밥
1754,강남구 논현동 두레반 청담아구찜
1755,강남구 논현동 카페아미
1756,강남구 논현동 청담2015 피자&파스타
1757,강남구 논현동 남원우가
1758,강남구 논현동 남산왕돈까스 강남점
1759,강남구 논현동 육미가
1760,강남구 논현동 로찌커피 논현점
1761,강남구 논현동 와사이 진
1762,강남구 논현동 러블리 버블리
1763,강남구 논현동 몬스터 컴퍼니
1764,강남구 논현동 로지브라운
1765,강남구 논현동 그레잇팩토리 강남본점
1766,강남구 논현동 난바우동 강남본점
1767,강남구 논현동 본가설렁탕
1768,강남구 논현동 매란방 딜리버리 강남구청점
1769,강남구 논현동 또랑또랑
1770,강남구 논현동 슈엔 산업
1771,강남구 논현동 엘티에프앤비(LT F&B)
1772,강남구 논현동 처갓집양념치킨 논현점
1773,강남구 논현동 부엉이돈가스 학동역점
1774,강남구 논현동 소확행 양식전문&카페 강남점
1775,강남구 논현동 빌리언스(Billions)
1776,강남구 논현동 메가엠지씨커피 강남구청역점
1777,강남구 논현동 사계절 후르츠 락
1778,강남구 논현동 다이아몬드홀
1779,강남구 논현동 음악형제들(mubro)
1780,강남구 논현동 청춘 F&B
1781,강남구 논현동 슬로우캘리 논현점
1782,강남구 논현동 엔 커피 스튜디오(N coffee studio)
1783,강남구 논현동 통삼집
1784,강남구 논현동 딘딘향마라탕 논현점
1785,강남구 논현동 토파즈가든
1786,강남구 논현동 더하오 강남점
1787,강남구 논현동 숯불
1788,강남구 논현동 츠보나베
1789,강남구 논현동 죽여주는 떡볶이
1790,강남구 논현동 베비스토어 논현
1791,강남구 논현동 몬스터 컴퍼니
1792,강남구 논현동 카페쿤달(Cafe.KUNDAL)
1793,강남구 논현동 명인갈비 논현점
1794,강남구 논현동 정성
1795,강남구 논현동 원앤원
1796,강남구 논현동 족발대감.참조은도시락
1797,강남구 논현동 루나
1798,강남구 논현동 와리가리 커피
1799,강남구 논현동 두비두바(DoobeDoBar)
1800,강남구 논현동 마라식객
1801,강남구 논현동 마라테이블 딜리버리
1802,강남구 논현동 공존(편안하개)
1803,강남구 논현동 하남돼지집 신논현역점
1804,강남구 논현동 체리오오체리
1805,강남구 논현동 강명수 아저씨네
1806,강남구 논현동 육회먹은연어
1807,강남구 논현동 선녀와 나무꾼
1808,강남구 논현동 구룡
1809,강남구 논현동 당근
1810,강남구 논현동 이모네왕곱창
1811,강남구 논현동 지엔레스토랑
1812,강남구 논현동 미라클
1813,강남구 논현동 제이 브릭스
1814,강남구 논현동 베비스토어 논현점
1815,강남구 논현동 논현오뎅
1816,강남구 논현동 갓쯔
1817,강남구 논현동 얼터사이트계선(ALTER SIGHT KESSON)
1818,강남구 논현동 (주)스윗밸런스 언주역점
1819,강남구 논현동 소블리
1820,강남구 논현동 원(블랙)
1821,강남구 논현동 우리동네 횟집
1822,강남구 논현동 학동역점 본죽&비빔밥
1823,강남구 논현동 명소한우
1824,강남구 논현동 리더아벤트
1825,강남구 논현동 왕십리 벌통곱창
1826,강남구 논현동 당신은 지금 치킨이 땡긴다(논현1호점)
1827,강남구 논현동 코마츠(KOMATSU)
1828,강남구 논현동 카페베네 논현역점
1829,강남구 논현동 아프릴로
1830,강남구 논현동 시저스 홀덤
1831,강남구 논현동 본가삼겹살&차돌된장 논현점
1832,강남구 논현동 샐러드몬스터
1833,강남구 논현동 맥널티커피팩토리
1834,강남구 논현동 필
1835,강남구 논현동 인생족발 논현점
1836,강남구 논현동 한입에꿀닭
1837,강남구 논현동 도쿄in서울
1838,강남구 논현동 홈수끼
1839,강남구 논현동 비밀도시
1840,강남구 논현동 빙킹 언주점
1841,강남구 논현동 케렌시아.장금이네
1842,강남구 논현동 (주)삼다연
1843,강남구 논현동 동경규동 학동점
1844,강남구 논현동 맛소담
1845,강남구 논현동 카츠공방 신사역점
1846,강남구 논현동 바 펄스(Bar Pulse)
1847,강남구 논현동 하리니스콘
1848,강남구 논현동 마담 뽐므
1849,강남구 논현동 부찌식당
1850,강남구 논현동 7번가피자 논현점
1851,강남구 논현동 김태완스시
1852,강남구 논현동 ??
1853,강남구 논현동 소곱당
1854,강남구 논현동 팬타스틱 아시아
1855,강남구 논현동 D.5414
1856,강남구 논현동 떡순튀논현점
1857,강남구 논현동 인생아구찜
1858,강남구 논현동 제이엠푸드 JM FOOD
1859,강남구 논현동 가족회관 강남구청점
1860,강남구 논현동 커피니 논현그린타워점
1861,강남구 논현동 커피니 논현한미점
1862,강남구 논현동 야한곱창 강남점
1863,강남구 논현동 하마
1864,강남구 논현동 보다
1865,강남구 논현동 판도 푸드
1866,강남구 논현동 글로리아
1867,강남구 논현동 silver(실버)
1868,강남구 논현동 빵 에 잠봉 (Pain et jambon)
1869,강남구 논현동 비
1870,강남구 논현동 동경야시장 논현점
1871,강남구 논현동 볶튀혈전
1872,강남구 논현동 완미족발 논현본점
1873,강남구 논현동 배달육회 육회한가득
1874,강남구 논현동 드렁큰칠리스(Drunken chili's)
1875,강남구 논현동 언더락위스키
1876,강남구 논현동 바이칼
1877,강남구 논현동 조선제일족발
1878,강남구 논현동 커피스미스 신논현점
1879,강남구 논현동 모아
1880,강남구 논현동 드리밍컴퍼니
1881,강남구 논현동 번(Burn)
1882,강남구 논현동 두성전주콩나물국밥 강남구청역점
1883,강남구 논현동 독도횟집
1884,강남구 논현동 포레스트썬플라워
1885,강남구 논현동 (주)커피빈코리아 영동고앞점
1886,강남구 논현동 홍리 마라탕
1887,강남구 논현동 (주)커피빈코리아 학동역점
1888,강남구 논현동 (주)커피빈코리아 논현동수면센터점
1889,강남구 논현동 한서외식산업(주)
1890,강남구 논현동 좋은친구
1891,강남구 논현동 현해
1892,강남구 논현동 해물꽃돈 직영점
1893,강남구 논현동 (주)낙타브루잉
1894,강남구 논현동 생선물은 고양이
1895,강남구 논현동 오시리
1896,강남구 논현동 비비큐(BBQ) 학동점
1897,강남구 논현동 에이치마켓(HMARKET)
1898,강남구 논현동 달콤서준 논현직영점
1899,강남구 논현동 피노키오 피자 PINOCCHIO PIZZA
1900,강남구 논현동 테이스티나인 델리익스프레스(Tasty9 Deli Express) 학동점
1901,강남구 논현동 효도치킨 논현점
1902,강남구 논현동 구월의 소철
1903,강남구 논현동 피자아이코닉(PIZZA ICONIC)
1904,강남구 논현동 주식회사 취중진담 우연
1905,강남구 논현동 채쉐프
1906,강남구 논현동 강남구
1907,강남구 논현동 (주)화춘옥청담
1908,강남구 논현동 주식회사 디오피피 논현직영점
1909,강남구 논현동 간(間)
1910,강남구 논현동 제주생선구이 올래밥상
1911,강남구 논현동 할머니가래떡볶이 논현점
1912,강남구 논현동 매일공기 논현1호점
1913,강남구 논현동 신천할매 떡볶이
1914,강남구 논현동 카페 달다움
1915,강남구 논현동 심형래의 불꽃양대창 논현점
1916,강남구 논현동 머드내 갈비살
1917,강남구 논현동 피자알볼로 논현직영점
1918,강남구 논현동 아오자이
1919,강남구 논현동 엔646
1920,강남구 논현동 오르꾸숑 루프탑
1921,강남구 논현동 타이거피자 강남점
1922,강남구 논현동 빌라2
1923,강남구 논현동 제이제이 벤처스 JJ Ventures
1924,강남구 논현동 건빵(GeonBBang)
1925,강남구 논현동 악마떡볶이&닭발
1926,강남구 논현동 지안정
1927,강남구 논현동 본가마순대국
1928,강남구 논현동 청담보쌈
1929,강남구 논현동 메가라운지
1930,강남구 논현동 닭장수和 후라이드
1931,강남구 논현동 열정카츠
1932,강남구 논현동 펀치드렁크(Punch drunk)
1933,강남구 논현동 카페 델 꼬또네
1934,강남구 논현동 냄비닭발 선릉점
1935,강남구 논현동 주니냉면
1936,강남구 논현동 봉쉐프코리아(Bong CHEF KOREA)
1937,강남구 논현동 유니스
1938,강남구 논현동 정동길논현
1939,강남구 논현동 완도1957 전복삼계탕 논현점
1940,강남구 논현동 우쿠야 논현 키친밸리점
1941,강남구 논현동 끼니위드팜(강남논현점)
1942,강남구 논현동 주식회사 우아한카페앤프레쉬논현
1943,강남구 논현동 샐러우드
1944,강남구 논현동 우아한논현카페앤프레쉬
1945,강남구 논현동 WCF F&B 논현
1946,강남구 논현동 학동커피
1947,강남구 논현동 라피네
1948,강남구 논현동 샐러딜라이트
1949,강남구 논현동 저스트샐러드
1950,강남구 논현동 요거프룻
1951,강남구 논현동 연이네 토스트
1952,강남구 논현동 리엠
1953,강남구 논현동 아부라 소바
1954,강남구 논현동 다모아
1955,강남구 논현동 필리 필리(philly philly)
1956,강남구 논현동 탐나종합어시장 논현동점
1957,강남구 논현동 또온나 불닭
1958,강남구 논현동 알라운지
1959,강남구 논현동 20회수산-하루20판 한정판매
1960,강남구 논현동 삼겹품은 김치찌개 논현점
1961,강남구 논현동 육회파는연어집
1962,강남구 논현동 어반박스(Urbanbox) 도시락
1963,강남구 논현동 장모님찌개 논현점
1964,강남구 논현동 추풍령 소한마리탕 직영 2호점
1965,강남구 논현동 본리스치킨
1966,강남구 논현동 장하다 학동점
1967,강남구 논현동 후쿠오카 호르몬동 강남점
1968,강남구 논현동 간판없는 부대찌개
1969,강남구 논현동 톤토로 식당 항정살 전문 논현점
1970,강남구 논현동 나고야 히초마부시 장어덮밥
1971,강남구 논현동 우아한논현키친
1972,강남구 논현동 쭈쭈바
1973,강남구 논현동 피아제(PIAGET)
1974,강남구 논현동 한미옥
1975,강남구 논현동 논현각
1976,강남구 논현동 너티너티
1977,강남구 논현동 이지스터
1978,강남구 논현동 냉삼식당
1979,강남구 논현동 피터팬
1980,강남구 논현동 백미우
1981,강남구 논현동 해랑
1982,강남구 논현동 에그폭탄덮밥(논현점)
1983,강남구 논현동 바로덮밥
1984,강남구 논현동 죠스익스프레스 논현본점
1985,강남구 논현동 마티네강남점
1986,강남구 논현동 와플본가
1987,강남구 논현동 샌드박스
1988,강남구 논현동 행보케포케
1989,강남구 논현동 카페얌
1990,강남구 논현동 사다리카페
1991,강남구 논현동 공주네디저트
1992,강남구 논현동 혼밥대왕
1993,강남구 논현동 푸드씨
1994,강남구 논현동 비트코인
1995,강남구 논현동 꾸부라꼬 숯불두마리 치킨 강남점
1996,강남구 논현동 맛있구마
1997,강남구 논현동 명당 술이 맛있는 집
1998,강남구 논현동 요리잘하는닭
1999,강남구 논현동 은행골 논현점
2000,강남구 논현동 논현중화식당
2001,강남구 논현동 원식당
2002,강남구 논현동 현경이네
2003,강남구 논현동 신화불닭
2004,강남구 논현동 프레퍼스 다이어트 푸드 강남구청점
2005,강남구 논현동 만고쿠 딜리버리
2006,강남구 논현동 제이엔클레어
2007,강남구 논현동 여행푸드
2008,강남구 논현동 서오릉피자 강남논현점
2009,강남구 논현동 라쿵푸 강남구청점
2010,강남구 논현동 삼시세끼
2011,강남구 논현동 인터렉트
2012,강남구 논현동 류몽민
2013,강남구 논현동 류창희국수人
2014,강남구 논현동 357텐
2015,강남구 논현동 장또방김치찌개
